id,kode_provinsi,nama_provinsi,kode_kabupaten_kota,nama_kabupaten_kota,jenis_usaha,jumlah_umkm,satuan,tahun
1,32,JAWA BARAT,3201,KABUPATEN BOGOR,AGRIBISNIS,9,UNIT,2019
2,32,JAWA BARAT,3201,KABUPATEN BOGOR,AKSESORIS,0,UNIT,2019
3,32,JAWA BARAT,3201,KABUPATEN BOGOR,BATIK,0,UNIT,2019
4,32,JAWA BARAT,3201,KABUPATEN BOGOR,BORDIR,0,UNIT,2019
5,32,JAWA BARAT,3201,KABUPATEN BOGOR,CRAFT,30,UNIT,2019
6,32,JAWA BARAT,3201,KABUPATEN BOGOR,DEKORASI,0,UNIT,2019
7,32,JAWA BARAT,3201,KABUPATEN BOGOR,MEBEL,0,UNIT,2019
8,32,JAWA BARAT,3201,KABUPATEN BOGOR,FASHION,13,UNIT,2019
9,32,JAWA BARAT,3201,KABUPATEN BOGOR,INDUSTRI,10,UNIT,2019
10,32,JAWA BARAT,3201,KABUPATEN BOGOR,JASA,11,UNIT,2019
11,32,JAWA BARAT,3201,KABUPATEN BOGOR,KONVEKSI,1,UNIT,2019
12,32,JAWA BARAT,3201,KABUPATEN BOGOR,KULINER,49,UNIT,2019
13,32,JAWA BARAT,3201,KABUPATEN BOGOR,MAKANAN,33,UNIT,2019
14,32,JAWA BARAT,3201,KABUPATEN BOGOR,MINUMAN,8,UNIT,2019
15,32,JAWA BARAT,3201,KABUPATEN BOGOR,OBAT-OBATAN,0,UNIT,2019
16,32,JAWA BARAT,3202,KABUPATEN SUKABUMI,AGRIBISNIS,2,UNIT,2019
17,32,JAWA BARAT,3202,KABUPATEN SUKABUMI,AKSESORIS,2,UNIT,2019
18,32,JAWA BARAT,3202,KABUPATEN SUKABUMI,BATIK,0,UNIT,2019
19,32,JAWA BARAT,3202,KABUPATEN SUKABUMI,BORDIR,1,UNIT,2019
20,32,JAWA BARAT,3202,KABUPATEN SUKABUMI,CRAFT,15,UNIT,2019
21,32,JAWA BARAT,3202,KABUPATEN SUKABUMI,DEKORASI,0,UNIT,2019
22,32,JAWA BARAT,3202,KABUPATEN SUKABUMI,MEBEL,0,UNIT,2019
23,32,JAWA BARAT,3202,KABUPATEN SUKABUMI,FASHION,17,UNIT,2019
24,32,JAWA BARAT,3202,KABUPATEN SUKABUMI,INDUSTRI,3,UNIT,2019
25,32,JAWA BARAT,3202,KABUPATEN SUKABUMI,JASA,3,UNIT,2019
26,32,JAWA BARAT,3202,KABUPATEN SUKABUMI,KONVEKSI,3,UNIT,2019
27,32,JAWA BARAT,3202,KABUPATEN SUKABUMI,KULINER,10,UNIT,2019
28,32,JAWA BARAT,3202,KABUPATEN SUKABUMI,MAKANAN,41,UNIT,2019
29,32,JAWA BARAT,3202,KABUPATEN SUKABUMI,MINUMAN,3,UNIT,2019
30,32,JAWA BARAT,3202,KABUPATEN SUKABUMI,OBAT-OBATAN,0,UNIT,2019
31,32,JAWA BARAT,3203,KABUPATEN CIANJUR,AGRIBISNIS,2,UNIT,2019
32,32,JAWA BARAT,3203,KABUPATEN CIANJUR,AKSESORIS,0,UNIT,2019
33,32,JAWA BARAT,3203,KABUPATEN CIANJUR,BATIK,0,UNIT,2019
34,32,JAWA BARAT,3203,KABUPATEN CIANJUR,BORDIR,0,UNIT,2019
35,32,JAWA BARAT,3203,KABUPATEN CIANJUR,CRAFT,4,UNIT,2019
36,32,JAWA BARAT,3203,KABUPATEN CIANJUR,DEKORASI,1,UNIT,2019
37,32,JAWA BARAT,3203,KABUPATEN CIANJUR,MEBEL,0,UNIT,2019
38,32,JAWA BARAT,3203,KABUPATEN CIANJUR,FASHION,10,UNIT,2019
39,32,JAWA BARAT,3203,KABUPATEN CIANJUR,INDUSTRI,1,UNIT,2019
40,32,JAWA BARAT,3203,KABUPATEN CIANJUR,JASA,1,UNIT,2019
41,32,JAWA BARAT,3203,KABUPATEN CIANJUR,KONVEKSI,5,UNIT,2019
42,32,JAWA BARAT,3203,KABUPATEN CIANJUR,KULINER,13,UNIT,2019
43,32,JAWA BARAT,3203,KABUPATEN CIANJUR,MAKANAN,44,UNIT,2019
44,32,JAWA BARAT,3203,KABUPATEN CIANJUR,MINUMAN,8,UNIT,2019
45,32,JAWA BARAT,3203,KABUPATEN CIANJUR,OBAT-OBATAN,2,UNIT,2019
46,32,JAWA BARAT,3204,KABUPATEN BANDUNG,AGRIBISNIS,0,UNIT,2019
47,32,JAWA BARAT,3204,KABUPATEN BANDUNG,AKSESORIS,2,UNIT,2019
48,32,JAWA BARAT,3204,KABUPATEN BANDUNG,BATIK,1,UNIT,2019
49,32,JAWA BARAT,3204,KABUPATEN BANDUNG,BORDIR,0,UNIT,2019
50,32,JAWA BARAT,3204,KABUPATEN BANDUNG,CRAFT,13,UNIT,2019
51,32,JAWA BARAT,3204,KABUPATEN BANDUNG,DEKORASI,1,UNIT,2019
52,32,JAWA BARAT,3204,KABUPATEN BANDUNG,MEBEL,0,UNIT,2019
53,32,JAWA BARAT,3204,KABUPATEN BANDUNG,FASHION,22,UNIT,2019
54,32,JAWA BARAT,3204,KABUPATEN BANDUNG,INDUSTRI,7,UNIT,2019
55,32,JAWA BARAT,3204,KABUPATEN BANDUNG,JASA,2,UNIT,2019
56,32,JAWA BARAT,3204,KABUPATEN BANDUNG,KONVEKSI,17,UNIT,2019
57,32,JAWA BARAT,3204,KABUPATEN BANDUNG,KULINER,11,UNIT,2019
58,32,JAWA BARAT,3204,KABUPATEN BANDUNG,MAKANAN,95,UNIT,2019
59,32,JAWA BARAT,3204,KABUPATEN BANDUNG,MINUMAN,9,UNIT,2019
60,32,JAWA BARAT,3204,KABUPATEN BANDUNG,OBAT-OBATAN,0,UNIT,2019
61,32,JAWA BARAT,3205,KABUPATEN GARUT,AGRIBISNIS,2,UNIT,2019
62,32,JAWA BARAT,3205,KABUPATEN GARUT,AKSESORIS,7,UNIT,2019
63,32,JAWA BARAT,3205,KABUPATEN GARUT,BATIK,2,UNIT,2019
64,32,JAWA BARAT,3205,KABUPATEN GARUT,BORDIR,0,UNIT,2019
65,32,JAWA BARAT,3205,KABUPATEN GARUT,CRAFT,10,UNIT,2019
66,32,JAWA BARAT,3205,KABUPATEN GARUT,DEKORASI,0,UNIT,2019
67,32,JAWA BARAT,3205,KABUPATEN GARUT,MEBEL,0,UNIT,2019
68,32,JAWA BARAT,3205,KABUPATEN GARUT,FASHION,16,UNIT,2019
69,32,JAWA BARAT,3205,KABUPATEN GARUT,INDUSTRI,5,UNIT,2019
70,32,JAWA BARAT,3205,KABUPATEN GARUT,JASA,2,UNIT,2019
71,32,JAWA BARAT,3205,KABUPATEN GARUT,KONVEKSI,13,UNIT,2019
72,32,JAWA BARAT,3205,KABUPATEN GARUT,KULINER,4,UNIT,2019
73,32,JAWA BARAT,3205,KABUPATEN GARUT,MAKANAN,58,UNIT,2019
74,32,JAWA BARAT,3205,KABUPATEN GARUT,MINUMAN,4,UNIT,2019
75,32,JAWA BARAT,3205,KABUPATEN GARUT,OBAT-OBATAN,0,UNIT,2019
76,32,JAWA BARAT,3206,KABUPATEN TASIKMALAYA,AGRIBISNIS,0,UNIT,2019
77,32,JAWA BARAT,3206,KABUPATEN TASIKMALAYA,AKSESORIS,1,UNIT,2019
78,32,JAWA BARAT,3206,KABUPATEN TASIKMALAYA,BATIK,0,UNIT,2019
79,32,JAWA BARAT,3206,KABUPATEN TASIKMALAYA,BORDIR,0,UNIT,2019
80,32,JAWA BARAT,3206,KABUPATEN TASIKMALAYA,CRAFT,10,UNIT,2019
81,32,JAWA BARAT,3206,KABUPATEN TASIKMALAYA,DEKORASI,0,UNIT,2019
82,32,JAWA BARAT,3206,KABUPATEN TASIKMALAYA,MEBEL,0,UNIT,2019
83,32,JAWA BARAT,3206,KABUPATEN TASIKMALAYA,FASHION,5,UNIT,2019
84,32,JAWA BARAT,3206,KABUPATEN TASIKMALAYA,INDUSTRI,6,UNIT,2019
85,32,JAWA BARAT,3206,KABUPATEN TASIKMALAYA,JASA,0,UNIT,2019
86,32,JAWA BARAT,3206,KABUPATEN TASIKMALAYA,KONVEKSI,12,UNIT,2019
87,32,JAWA BARAT,3206,KABUPATEN TASIKMALAYA,KULINER,6,UNIT,2019
88,32,JAWA BARAT,3206,KABUPATEN TASIKMALAYA,MAKANAN,69,UNIT,2019
89,32,JAWA BARAT,3206,KABUPATEN TASIKMALAYA,MINUMAN,7,UNIT,2019
90,32,JAWA BARAT,3206,KABUPATEN TASIKMALAYA,OBAT-OBATAN,0,UNIT,2019
91,32,JAWA BARAT,3207,KABUPATEN CIAMIS,AGRIBISNIS,0,UNIT,2019
92,32,JAWA BARAT,3207,KABUPATEN CIAMIS,AKSESORIS,1,UNIT,2019
93,32,JAWA BARAT,3207,KABUPATEN CIAMIS,BATIK,0,UNIT,2019
94,32,JAWA BARAT,3207,KABUPATEN CIAMIS,BORDIR,0,UNIT,2019
95,32,JAWA BARAT,3207,KABUPATEN CIAMIS,CRAFT,1,UNIT,2019
96,32,JAWA BARAT,3207,KABUPATEN CIAMIS,DEKORASI,0,UNIT,2019
97,32,JAWA BARAT,3207,KABUPATEN CIAMIS,MEBEL,0,UNIT,2019
98,32,JAWA BARAT,3207,KABUPATEN CIAMIS,FASHION,2,UNIT,2019
99,32,JAWA BARAT,3207,KABUPATEN CIAMIS,INDUSTRI,1,UNIT,2019
100,32,JAWA BARAT,3207,KABUPATEN CIAMIS,JASA,0,UNIT,2019
101,32,JAWA BARAT,3207,KABUPATEN CIAMIS,KONVEKSI,1,UNIT,2019
102,32,JAWA BARAT,3207,KABUPATEN CIAMIS,KULINER,0,UNIT,2019
103,32,JAWA BARAT,3207,KABUPATEN CIAMIS,MAKANAN,66,UNIT,2019
104,32,JAWA BARAT,3207,KABUPATEN CIAMIS,MINUMAN,3,UNIT,2019
105,32,JAWA BARAT,3207,KABUPATEN CIAMIS,OBAT-OBATAN,0,UNIT,2019
106,32,JAWA BARAT,3208,KABUPATEN KUNINGAN,AGRIBISNIS,1,UNIT,2019
107,32,JAWA BARAT,3208,KABUPATEN KUNINGAN,AKSESORIS,0,UNIT,2019
108,32,JAWA BARAT,3208,KABUPATEN KUNINGAN,BATIK,0,UNIT,2019
109,32,JAWA BARAT,3208,KABUPATEN KUNINGAN,BORDIR,0,UNIT,2019
110,32,JAWA BARAT,3208,KABUPATEN KUNINGAN,CRAFT,1,UNIT,2019
111,32,JAWA BARAT,3208,KABUPATEN KUNINGAN,DEKORASI,0,UNIT,2019
112,32,JAWA BARAT,3208,KABUPATEN KUNINGAN,MEBEL,0,UNIT,2019
113,32,JAWA BARAT,3208,KABUPATEN KUNINGAN,FASHION,0,UNIT,2019
114,32,JAWA BARAT,3208,KABUPATEN KUNINGAN,INDUSTRI,0,UNIT,2019
115,32,JAWA BARAT,3208,KABUPATEN KUNINGAN,JASA,0,UNIT,2019
116,32,JAWA BARAT,3208,KABUPATEN KUNINGAN,KONVEKSI,1,UNIT,2019
117,32,JAWA BARAT,3208,KABUPATEN KUNINGAN,KULINER,1,UNIT,2019
118,32,JAWA BARAT,3208,KABUPATEN KUNINGAN,MAKANAN,39,UNIT,2019
119,32,JAWA BARAT,3208,KABUPATEN KUNINGAN,MINUMAN,5,UNIT,2019
120,32,JAWA BARAT,3208,KABUPATEN KUNINGAN,OBAT-OBATAN,0,UNIT,2019
121,32,JAWA BARAT,3209,KABUPATEN CIREBON,AGRIBISNIS,3,UNIT,2019
122,32,JAWA BARAT,3209,KABUPATEN CIREBON,AKSESORIS,1,UNIT,2019
123,32,JAWA BARAT,3209,KABUPATEN CIREBON,BATIK,0,UNIT,2019
124,32,JAWA BARAT,3209,KABUPATEN CIREBON,BORDIR,0,UNIT,2019
125,32,JAWA BARAT,3209,KABUPATEN CIREBON,CRAFT,17,UNIT,2019
126,32,JAWA BARAT,3209,KABUPATEN CIREBON,DEKORASI,0,UNIT,2019
127,32,JAWA BARAT,3209,KABUPATEN CIREBON,MEBEL,0,UNIT,2019
128,32,JAWA BARAT,3209,KABUPATEN CIREBON,FASHION,13,UNIT,2019
129,32,JAWA BARAT,3209,KABUPATEN CIREBON,INDUSTRI,4,UNIT,2019
130,32,JAWA BARAT,3209,KABUPATEN CIREBON,JASA,1,UNIT,2019
131,32,JAWA BARAT,3209,KABUPATEN CIREBON,KONVEKSI,4,UNIT,2019
132,32,JAWA BARAT,3209,KABUPATEN CIREBON,KULINER,17,UNIT,2019
133,32,JAWA BARAT,3209,KABUPATEN CIREBON,MAKANAN,69,UNIT,2019
134,32,JAWA BARAT,3209,KABUPATEN CIREBON,MINUMAN,6,UNIT,2019
135,32,JAWA BARAT,3209,KABUPATEN CIREBON,OBAT-OBATAN,0,UNIT,2019
136,32,JAWA BARAT,3210,KABUPATEN MAJALENGKA,AGRIBISNIS,6,UNIT,2019
137,32,JAWA BARAT,3210,KABUPATEN MAJALENGKA,AKSESORIS,0,UNIT,2019
138,32,JAWA BARAT,3210,KABUPATEN MAJALENGKA,BATIK,0,UNIT,2019
139,32,JAWA BARAT,3210,KABUPATEN MAJALENGKA,BORDIR,0,UNIT,2019
140,32,JAWA BARAT,3210,KABUPATEN MAJALENGKA,CRAFT,0,UNIT,2019
141,32,JAWA BARAT,3210,KABUPATEN MAJALENGKA,DEKORASI,0,UNIT,2019
142,32,JAWA BARAT,3210,KABUPATEN MAJALENGKA,MEBEL,0,UNIT,2019
143,32,JAWA BARAT,3210,KABUPATEN MAJALENGKA,FASHION,12,UNIT,2019
144,32,JAWA BARAT,3210,KABUPATEN MAJALENGKA,INDUSTRI,13,UNIT,2019
145,32,JAWA BARAT,3210,KABUPATEN MAJALENGKA,JASA,3,UNIT,2019
146,32,JAWA BARAT,3210,KABUPATEN MAJALENGKA,KONVEKSI,1,UNIT,2019
147,32,JAWA BARAT,3210,KABUPATEN MAJALENGKA,KULINER,25,UNIT,2019
148,32,JAWA BARAT,3210,KABUPATEN MAJALENGKA,MAKANAN,52,UNIT,2019
149,32,JAWA BARAT,3210,KABUPATEN MAJALENGKA,MINUMAN,6,UNIT,2019
150,32,JAWA BARAT,3210,KABUPATEN MAJALENGKA,OBAT-OBATAN,0,UNIT,2019
151,32,JAWA BARAT,3211,KABUPATEN SUMEDANG,AGRIBISNIS,1,UNIT,2019
152,32,JAWA BARAT,3211,KABUPATEN SUMEDANG,AKSESORIS,0,UNIT,2019
153,32,JAWA BARAT,3211,KABUPATEN SUMEDANG,BATIK,1,UNIT,2019
154,32,JAWA BARAT,3211,KABUPATEN SUMEDANG,BORDIR,0,UNIT,2019
155,32,JAWA BARAT,3211,KABUPATEN SUMEDANG,CRAFT,8,UNIT,2019
156,32,JAWA BARAT,3211,KABUPATEN SUMEDANG,DEKORASI,0,UNIT,2019
157,32,JAWA BARAT,3211,KABUPATEN SUMEDANG,MEBEL,0,UNIT,2019
158,32,JAWA BARAT,3211,KABUPATEN SUMEDANG,FASHION,6,UNIT,2019
159,32,JAWA BARAT,3211,KABUPATEN SUMEDANG,INDUSTRI,3,UNIT,2019
160,32,JAWA BARAT,3211,KABUPATEN SUMEDANG,JASA,2,UNIT,2019
161,32,JAWA BARAT,3211,KABUPATEN SUMEDANG,KONVEKSI,2,UNIT,2019
162,32,JAWA BARAT,3211,KABUPATEN SUMEDANG,KULINER,18,UNIT,2019
163,32,JAWA BARAT,3211,KABUPATEN SUMEDANG,MAKANAN,54,UNIT,2019
164,32,JAWA BARAT,3211,KABUPATEN SUMEDANG,MINUMAN,2,UNIT,2019
165,32,JAWA BARAT,3211,KABUPATEN SUMEDANG,OBAT-OBATAN,0,UNIT,2019
166,32,JAWA BARAT,3212,KABUPATEN INDRAMAYU,AGRIBISNIS,1,UNIT,2019
167,32,JAWA BARAT,3212,KABUPATEN INDRAMAYU,AKSESORIS,0,UNIT,2019
168,32,JAWA BARAT,3212,KABUPATEN INDRAMAYU,BATIK,0,UNIT,2019
169,32,JAWA BARAT,3212,KABUPATEN INDRAMAYU,BORDIR,0,UNIT,2019
170,32,JAWA BARAT,3212,KABUPATEN INDRAMAYU,CRAFT,3,UNIT,2019
171,32,JAWA BARAT,3212,KABUPATEN INDRAMAYU,DEKORASI,0,UNIT,2019
172,32,JAWA BARAT,3212,KABUPATEN INDRAMAYU,MEBEL,0,UNIT,2019
173,32,JAWA BARAT,3212,KABUPATEN INDRAMAYU,FASHION,1,UNIT,2019
174,32,JAWA BARAT,3212,KABUPATEN INDRAMAYU,INDUSTRI,1,UNIT,2019
175,32,JAWA BARAT,3212,KABUPATEN INDRAMAYU,JASA,3,UNIT,2019
176,32,JAWA BARAT,3212,KABUPATEN INDRAMAYU,KONVEKSI,3,UNIT,2019
177,32,JAWA BARAT,3212,KABUPATEN INDRAMAYU,KULINER,0,UNIT,2019
178,32,JAWA BARAT,3212,KABUPATEN INDRAMAYU,MAKANAN,38,UNIT,2019
179,32,JAWA BARAT,3212,KABUPATEN INDRAMAYU,MINUMAN,2,UNIT,2019
180,32,JAWA BARAT,3212,KABUPATEN INDRAMAYU,OBAT-OBATAN,0,UNIT,2019
181,32,JAWA BARAT,3213,KABUPATEN SUBANG,AGRIBISNIS,1,UNIT,2019
182,32,JAWA BARAT,3213,KABUPATEN SUBANG,AKSESORIS,0,UNIT,2019
183,32,JAWA BARAT,3213,KABUPATEN SUBANG,BATIK,0,UNIT,2019
184,32,JAWA BARAT,3213,KABUPATEN SUBANG,BORDIR,0,UNIT,2019
185,32,JAWA BARAT,3213,KABUPATEN SUBANG,CRAFT,5,UNIT,2019
186,32,JAWA BARAT,3213,KABUPATEN SUBANG,DEKORASI,0,UNIT,2019
187,32,JAWA BARAT,3213,KABUPATEN SUBANG,MEBEL,0,UNIT,2019
188,32,JAWA BARAT,3213,KABUPATEN SUBANG,FASHION,6,UNIT,2019
189,32,JAWA BARAT,3213,KABUPATEN SUBANG,INDUSTRI,4,UNIT,2019
190,32,JAWA BARAT,3213,KABUPATEN SUBANG,JASA,0,UNIT,2019
191,32,JAWA BARAT,3213,KABUPATEN SUBANG,KONVEKSI,0,UNIT,2019
192,32,JAWA BARAT,3213,KABUPATEN SUBANG,KULINER,0,UNIT,2019
193,32,JAWA BARAT,3213,KABUPATEN SUBANG,MAKANAN,35,UNIT,2019
194,32,JAWA BARAT,3213,KABUPATEN SUBANG,MINUMAN,1,UNIT,2019
195,32,JAWA BARAT,3213,KABUPATEN SUBANG,OBAT-OBATAN,0,UNIT,2019
196,32,JAWA BARAT,3214,KABUPATEN PURWAKARTA,AGRIBISNIS,0,UNIT,2019
197,32,JAWA BARAT,3214,KABUPATEN PURWAKARTA,AKSESORIS,0,UNIT,2019
198,32,JAWA BARAT,3214,KABUPATEN PURWAKARTA,BATIK,0,UNIT,2019
199,32,JAWA BARAT,3214,KABUPATEN PURWAKARTA,BORDIR,0,UNIT,2019
200,32,JAWA BARAT,3214,KABUPATEN PURWAKARTA,CRAFT,0,UNIT,2019
201,32,JAWA BARAT,3214,KABUPATEN PURWAKARTA,DEKORASI,0,UNIT,2019
202,32,JAWA BARAT,3214,KABUPATEN PURWAKARTA,MEBEL,0,UNIT,2019
203,32,JAWA BARAT,3214,KABUPATEN PURWAKARTA,FASHION,4,UNIT,2019
204,32,JAWA BARAT,3214,KABUPATEN PURWAKARTA,INDUSTRI,0,UNIT,2019
205,32,JAWA BARAT,3214,KABUPATEN PURWAKARTA,JASA,1,UNIT,2019
206,32,JAWA BARAT,3214,KABUPATEN PURWAKARTA,KONVEKSI,0,UNIT,2019
207,32,JAWA BARAT,3214,KABUPATEN PURWAKARTA,KULINER,5,UNIT,2019
208,32,JAWA BARAT,3214,KABUPATEN PURWAKARTA,MAKANAN,12,UNIT,2019
209,32,JAWA BARAT,3214,KABUPATEN PURWAKARTA,MINUMAN,0,UNIT,2019
210,32,JAWA BARAT,3214,KABUPATEN PURWAKARTA,OBAT-OBATAN,0,UNIT,2019
211,32,JAWA BARAT,3215,KABUPATEN KARAWANG,AGRIBISNIS,0,UNIT,2019
212,32,JAWA BARAT,3215,KABUPATEN KARAWANG,AKSESORIS,0,UNIT,2019
213,32,JAWA BARAT,3215,KABUPATEN KARAWANG,BATIK,1,UNIT,2019
214,32,JAWA BARAT,3215,KABUPATEN KARAWANG,BORDIR,0,UNIT,2019
215,32,JAWA BARAT,3215,KABUPATEN KARAWANG,CRAFT,7,UNIT,2019
216,32,JAWA BARAT,3215,KABUPATEN KARAWANG,DEKORASI,0,UNIT,2019
217,32,JAWA BARAT,3215,KABUPATEN KARAWANG,MEBEL,0,UNIT,2019
218,32,JAWA BARAT,3215,KABUPATEN KARAWANG,FASHION,0,UNIT,2019
219,32,JAWA BARAT,3215,KABUPATEN KARAWANG,INDUSTRI,1,UNIT,2019
220,32,JAWA BARAT,3215,KABUPATEN KARAWANG,JASA,0,UNIT,2019
221,32,JAWA BARAT,3215,KABUPATEN KARAWANG,KONVEKSI,3,UNIT,2019
222,32,JAWA BARAT,3215,KABUPATEN KARAWANG,KULINER,0,UNIT,2019
223,32,JAWA BARAT,3215,KABUPATEN KARAWANG,MAKANAN,44,UNIT,2019
224,32,JAWA BARAT,3215,KABUPATEN KARAWANG,MINUMAN,9,UNIT,2019
225,32,JAWA BARAT,3215,KABUPATEN KARAWANG,OBAT-OBATAN,0,UNIT,2019
226,32,JAWA BARAT,3216,KABUPATEN BEKASI,AGRIBISNIS,0,UNIT,2019
227,32,JAWA BARAT,3216,KABUPATEN BEKASI,AKSESORIS,1,UNIT,2019
228,32,JAWA BARAT,3216,KABUPATEN BEKASI,BATIK,1,UNIT,2019
229,32,JAWA BARAT,3216,KABUPATEN BEKASI,BORDIR,1,UNIT,2019
230,32,JAWA BARAT,3216,KABUPATEN BEKASI,CRAFT,5,UNIT,2019
231,32,JAWA BARAT,3216,KABUPATEN BEKASI,DEKORASI,0,UNIT,2019
232,32,JAWA BARAT,3216,KABUPATEN BEKASI,MEBEL,0,UNIT,2019
233,32,JAWA BARAT,3216,KABUPATEN BEKASI,FASHION,8,UNIT,2019
234,32,JAWA BARAT,3216,KABUPATEN BEKASI,INDUSTRI,1,UNIT,2019
235,32,JAWA BARAT,3216,KABUPATEN BEKASI,JASA,0,UNIT,2019
236,32,JAWA BARAT,3216,KABUPATEN BEKASI,KONVEKSI,0,UNIT,2019
237,32,JAWA BARAT,3216,KABUPATEN BEKASI,KULINER,0,UNIT,2019
238,32,JAWA BARAT,3216,KABUPATEN BEKASI,MAKANAN,43,UNIT,2019
239,32,JAWA BARAT,3216,KABUPATEN BEKASI,MINUMAN,3,UNIT,2019
240,32,JAWA BARAT,3216,KABUPATEN BEKASI,OBAT-OBATAN,0,UNIT,2019
241,32,JAWA BARAT,3217,KABUPATEN BANDUNG BARAT,AGRIBISNIS,0,UNIT,2019
242,32,JAWA BARAT,3217,KABUPATEN BANDUNG BARAT,AKSESORIS,0,UNIT,2019
243,32,JAWA BARAT,3217,KABUPATEN BANDUNG BARAT,BATIK,0,UNIT,2019
244,32,JAWA BARAT,3217,KABUPATEN BANDUNG BARAT,BORDIR,0,UNIT,2019
245,32,JAWA BARAT,3217,KABUPATEN BANDUNG BARAT,CRAFT,17,UNIT,2019
246,32,JAWA BARAT,3217,KABUPATEN BANDUNG BARAT,DEKORASI,0,UNIT,2019
247,32,JAWA BARAT,3217,KABUPATEN BANDUNG BARAT,MEBEL,0,UNIT,2019
248,32,JAWA BARAT,3217,KABUPATEN BANDUNG BARAT,FASHION,26,UNIT,2019
249,32,JAWA BARAT,3217,KABUPATEN BANDUNG BARAT,INDUSTRI,1,UNIT,2019
250,32,JAWA BARAT,3217,KABUPATEN BANDUNG BARAT,JASA,4,UNIT,2019
251,32,JAWA BARAT,3217,KABUPATEN BANDUNG BARAT,KONVEKSI,0,UNIT,2019
252,32,JAWA BARAT,3217,KABUPATEN BANDUNG BARAT,KULINER,17,UNIT,2019
253,32,JAWA BARAT,3217,KABUPATEN BANDUNG BARAT,MAKANAN,49,UNIT,2019
254,32,JAWA BARAT,3217,KABUPATEN BANDUNG BARAT,MINUMAN,6,UNIT,2019
255,32,JAWA BARAT,3217,KABUPATEN BANDUNG BARAT,OBAT-OBATAN,0,UNIT,2019
256,32,JAWA BARAT,3218,KABUPATEN PANGANDARAN,AGRIBISNIS,0,UNIT,2019
257,32,JAWA BARAT,3218,KABUPATEN PANGANDARAN,AKSESORIS,0,UNIT,2019
258,32,JAWA BARAT,3218,KABUPATEN PANGANDARAN,BATIK,0,UNIT,2019
259,32,JAWA BARAT,3218,KABUPATEN PANGANDARAN,BORDIR,0,UNIT,2019
260,32,JAWA BARAT,3218,KABUPATEN PANGANDARAN,CRAFT,11,UNIT,2019
261,32,JAWA BARAT,3218,KABUPATEN PANGANDARAN,DEKORASI,0,UNIT,2019
262,32,JAWA BARAT,3218,KABUPATEN PANGANDARAN,MEBEL,0,UNIT,2019
263,32,JAWA BARAT,3218,KABUPATEN PANGANDARAN,FASHION,4,UNIT,2019
264,32,JAWA BARAT,3218,KABUPATEN PANGANDARAN,INDUSTRI,0,UNIT,2019
265,32,JAWA BARAT,3218,KABUPATEN PANGANDARAN,JASA,2,UNIT,2019
266,32,JAWA BARAT,3218,KABUPATEN PANGANDARAN,KONVEKSI,1,UNIT,2019
267,32,JAWA BARAT,3218,KABUPATEN PANGANDARAN,KULINER,0,UNIT,2019
268,32,JAWA BARAT,3218,KABUPATEN PANGANDARAN,MAKANAN,42,UNIT,2019
269,32,JAWA BARAT,3218,KABUPATEN PANGANDARAN,MINUMAN,5,UNIT,2019
270,32,JAWA BARAT,3218,KABUPATEN PANGANDARAN,OBAT-OBATAN,0,UNIT,2019
271,32,JAWA BARAT,3271,KOTA BOGOR,AGRIBISNIS,0,UNIT,2019
272,32,JAWA BARAT,3271,KOTA BOGOR,AKSESORIS,0,UNIT,2019
273,32,JAWA BARAT,3271,KOTA BOGOR,BATIK,2,UNIT,2019
274,32,JAWA BARAT,3271,KOTA BOGOR,BORDIR,0,UNIT,2019
275,32,JAWA BARAT,3271,KOTA BOGOR,CRAFT,2,UNIT,2019
276,32,JAWA BARAT,3271,KOTA BOGOR,DEKORASI,1,UNIT,2019
277,32,JAWA BARAT,3271,KOTA BOGOR,MEBEL,0,UNIT,2019
278,32,JAWA BARAT,3271,KOTA BOGOR,FASHION,1,UNIT,2019
279,32,JAWA BARAT,3271,KOTA BOGOR,INDUSTRI,6,UNIT,2019
280,32,JAWA BARAT,3271,KOTA BOGOR,JASA,0,UNIT,2019
281,32,JAWA BARAT,3271,KOTA BOGOR,KONVEKSI,0,UNIT,2019
282,32,JAWA BARAT,3271,KOTA BOGOR,KULINER,3,UNIT,2019
283,32,JAWA BARAT,3271,KOTA BOGOR,MAKANAN,18,UNIT,2019
284,32,JAWA BARAT,3271,KOTA BOGOR,MINUMAN,4,UNIT,2019
285,32,JAWA BARAT,3271,KOTA BOGOR,OBAT-OBATAN,0,UNIT,2019
286,32,JAWA BARAT,3272,KOTA SUKABUMI,AGRIBISNIS,3,UNIT,2019
287,32,JAWA BARAT,3272,KOTA SUKABUMI,AKSESORIS,1,UNIT,2019
288,32,JAWA BARAT,3272,KOTA SUKABUMI,BATIK,0,UNIT,2019
289,32,JAWA BARAT,3272,KOTA SUKABUMI,BORDIR,0,UNIT,2019
290,32,JAWA BARAT,3272,KOTA SUKABUMI,CRAFT,7,UNIT,2019
291,32,JAWA BARAT,3272,KOTA SUKABUMI,DEKORASI,0,UNIT,2019
292,32,JAWA BARAT,3272,KOTA SUKABUMI,MEBEL,0,UNIT,2019
293,32,JAWA BARAT,3272,KOTA SUKABUMI,FASHION,3,UNIT,2019
294,32,JAWA BARAT,3272,KOTA SUKABUMI,INDUSTRI,1,UNIT,2019
295,32,JAWA BARAT,3272,KOTA SUKABUMI,JASA,1,UNIT,2019
296,32,JAWA BARAT,3272,KOTA SUKABUMI,KONVEKSI,2,UNIT,2019
297,32,JAWA BARAT,3272,KOTA SUKABUMI,KULINER,4,UNIT,2019
298,32,JAWA BARAT,3272,KOTA SUKABUMI,MAKANAN,32,UNIT,2019
299,32,JAWA BARAT,3272,KOTA SUKABUMI,MINUMAN,4,UNIT,2019
300,32,JAWA BARAT,3272,KOTA SUKABUMI,OBAT-OBATAN,0,UNIT,2019
301,32,JAWA BARAT,3273,KOTA BANDUNG,AGRIBISNIS,0,UNIT,2019
302,32,JAWA BARAT,3273,KOTA BANDUNG,AKSESORIS,1,UNIT,2019
303,32,JAWA BARAT,3273,KOTA BANDUNG,BATIK,0,UNIT,2019
304,32,JAWA BARAT,3273,KOTA BANDUNG,BORDIR,0,UNIT,2019
305,32,JAWA BARAT,3273,KOTA BANDUNG,CRAFT,31,UNIT,2019
306,32,JAWA BARAT,3273,KOTA BANDUNG,DEKORASI,1,UNIT,2019
307,32,JAWA BARAT,3273,KOTA BANDUNG,MEBEL,0,UNIT,2019
308,32,JAWA BARAT,3273,KOTA BANDUNG,FASHION,115,UNIT,2019
309,32,JAWA BARAT,3273,KOTA BANDUNG,INDUSTRI,5,UNIT,2019
310,32,JAWA BARAT,3273,KOTA BANDUNG,JASA,10,UNIT,2019
311,32,JAWA BARAT,3273,KOTA BANDUNG,KONVEKSI,3,UNIT,2019
312,32,JAWA BARAT,3273,KOTA BANDUNG,KULINER,133,UNIT,2019
313,32,JAWA BARAT,3273,KOTA BANDUNG,MAKANAN,1,UNIT,2019
314,32,JAWA BARAT,3273,KOTA BANDUNG,MINUMAN,2,UNIT,2019
315,32,JAWA BARAT,3273,KOTA BANDUNG,OBAT-OBATAN,0,UNIT,2019
316,32,JAWA BARAT,3274,KOTA CIREBON,AGRIBISNIS,0,UNIT,2019
317,32,JAWA BARAT,3274,KOTA CIREBON,AKSESORIS,0,UNIT,2019
318,32,JAWA BARAT,3274,KOTA CIREBON,BATIK,1,UNIT,2019
319,32,JAWA BARAT,3274,KOTA CIREBON,BORDIR,0,UNIT,2019
320,32,JAWA BARAT,3274,KOTA CIREBON,CRAFT,8,UNIT,2019
321,32,JAWA BARAT,3274,KOTA CIREBON,DEKORASI,0,UNIT,2019
322,32,JAWA BARAT,3274,KOTA CIREBON,MEBEL,0,UNIT,2019
323,32,JAWA BARAT,3274,KOTA CIREBON,FASHION,7,UNIT,2019
324,32,JAWA BARAT,3274,KOTA CIREBON,INDUSTRI,5,UNIT,2019
325,32,JAWA BARAT,3274,KOTA CIREBON,JASA,1,UNIT,2019
326,32,JAWA BARAT,3274,KOTA CIREBON,KONVEKSI,0,UNIT,2019
327,32,JAWA BARAT,3274,KOTA CIREBON,KULINER,0,UNIT,2019
328,32,JAWA BARAT,3274,KOTA CIREBON,MAKANAN,76,UNIT,2019
329,32,JAWA BARAT,3274,KOTA CIREBON,MINUMAN,10,UNIT,2019
330,32,JAWA BARAT,3274,KOTA CIREBON,OBAT-OBATAN,0,UNIT,2019
331,32,JAWA BARAT,3275,KOTA BEKASI,AGRIBISNIS,1,UNIT,2019
332,32,JAWA BARAT,3275,KOTA BEKASI,AKSESORIS,0,UNIT,2019
333,32,JAWA BARAT,3275,KOTA BEKASI,BATIK,0,UNIT,2019
334,32,JAWA BARAT,3275,KOTA BEKASI,BORDIR,0,UNIT,2019
335,32,JAWA BARAT,3275,KOTA BEKASI,CRAFT,2,UNIT,2019
336,32,JAWA BARAT,3275,KOTA BEKASI,DEKORASI,0,UNIT,2019
337,32,JAWA BARAT,3275,KOTA BEKASI,MEBEL,0,UNIT,2019
338,32,JAWA BARAT,3275,KOTA BEKASI,FASHION,3,UNIT,2019
339,32,JAWA BARAT,3275,KOTA BEKASI,INDUSTRI,0,UNIT,2019
340,32,JAWA BARAT,3275,KOTA BEKASI,JASA,3,UNIT,2019
341,32,JAWA BARAT,3275,KOTA BEKASI,KONVEKSI,1,UNIT,2019
342,32,JAWA BARAT,3275,KOTA BEKASI,KULINER,16,UNIT,2019
343,32,JAWA BARAT,3275,KOTA BEKASI,MAKANAN,0,UNIT,2019
344,32,JAWA BARAT,3275,KOTA BEKASI,MINUMAN,0,UNIT,2019
345,32,JAWA BARAT,3275,KOTA BEKASI,OBAT-OBATAN,0,UNIT,2019
346,32,JAWA BARAT,3276,KOTA DEPOK,AGRIBISNIS,0,UNIT,2019
347,32,JAWA BARAT,3276,KOTA DEPOK,AKSESORIS,0,UNIT,2019
348,32,JAWA BARAT,3276,KOTA DEPOK,BATIK,0,UNIT,2019
349,32,JAWA BARAT,3276,KOTA DEPOK,BORDIR,0,UNIT,2019
350,32,JAWA BARAT,3276,KOTA DEPOK,CRAFT,5,UNIT,2019
351,32,JAWA BARAT,3276,KOTA DEPOK,DEKORASI,0,UNIT,2019
352,32,JAWA BARAT,3276,KOTA DEPOK,MEBEL,0,UNIT,2019
353,32,JAWA BARAT,3276,KOTA DEPOK,FASHION,2,UNIT,2019
354,32,JAWA BARAT,3276,KOTA DEPOK,INDUSTRI,4,UNIT,2019
355,32,JAWA BARAT,3276,KOTA DEPOK,JASA,0,UNIT,2019
356,32,JAWA BARAT,3276,KOTA DEPOK,KONVEKSI,0,UNIT,2019
357,32,JAWA BARAT,3276,KOTA DEPOK,KULINER,36,UNIT,2019
358,32,JAWA BARAT,3276,KOTA DEPOK,MAKANAN,4,UNIT,2019
359,32,JAWA BARAT,3276,KOTA DEPOK,MINUMAN,0,UNIT,2019
360,32,JAWA BARAT,3276,KOTA DEPOK,OBAT-OBATAN,0,UNIT,2019
361,32,JAWA BARAT,3277,KOTA CIMAHI,AGRIBISNIS,0,UNIT,2019
362,32,JAWA BARAT,3277,KOTA CIMAHI,AKSESORIS,0,UNIT,2019
363,32,JAWA BARAT,3277,KOTA CIMAHI,BATIK,0,UNIT,2019
364,32,JAWA BARAT,3277,KOTA CIMAHI,BORDIR,0,UNIT,2019
365,32,JAWA BARAT,3277,KOTA CIMAHI,CRAFT,9,UNIT,2019
366,32,JAWA BARAT,3277,KOTA CIMAHI,DEKORASI,0,UNIT,2019
367,32,JAWA BARAT,3277,KOTA CIMAHI,MEBEL,0,UNIT,2019
368,32,JAWA BARAT,3277,KOTA CIMAHI,FASHION,23,UNIT,2019
369,32,JAWA BARAT,3277,KOTA CIMAHI,INDUSTRI,0,UNIT,2019
370,32,JAWA BARAT,3277,KOTA CIMAHI,JASA,0,UNIT,2019
371,32,JAWA BARAT,3277,KOTA CIMAHI,KONVEKSI,0,UNIT,2019
372,32,JAWA BARAT,3277,KOTA CIMAHI,KULINER,0,UNIT,2019
373,32,JAWA BARAT,3277,KOTA CIMAHI,MAKANAN,52,UNIT,2019
374,32,JAWA BARAT,3277,KOTA CIMAHI,MINUMAN,0,UNIT,2019
375,32,JAWA BARAT,3277,KOTA CIMAHI,OBAT-OBATAN,0,UNIT,2019
376,32,JAWA BARAT,3278,KOTA TASIKMALAYA,AGRIBISNIS,0,UNIT,2019
377,32,JAWA BARAT,3278,KOTA TASIKMALAYA,AKSESORIS,0,UNIT,2019
378,32,JAWA BARAT,3278,KOTA TASIKMALAYA,BATIK,0,UNIT,2019
379,32,JAWA BARAT,3278,KOTA TASIKMALAYA,BORDIR,0,UNIT,2019
380,32,JAWA BARAT,3278,KOTA TASIKMALAYA,CRAFT,9,UNIT,2019
381,32,JAWA BARAT,3278,KOTA TASIKMALAYA,DEKORASI,0,UNIT,2019
382,32,JAWA BARAT,3278,KOTA TASIKMALAYA,MEBEL,0,UNIT,2019
383,32,JAWA BARAT,3278,KOTA TASIKMALAYA,FASHION,15,UNIT,2019
384,32,JAWA BARAT,3278,KOTA TASIKMALAYA,INDUSTRI,1,UNIT,2019
385,32,JAWA BARAT,3278,KOTA TASIKMALAYA,JASA,0,UNIT,2019
386,32,JAWA BARAT,3278,KOTA TASIKMALAYA,KONVEKSI,15,UNIT,2019
387,32,JAWA BARAT,3278,KOTA TASIKMALAYA,KULINER,5,UNIT,2019
388,32,JAWA BARAT,3278,KOTA TASIKMALAYA,MAKANAN,39,UNIT,2019
389,32,JAWA BARAT,3278,KOTA TASIKMALAYA,MINUMAN,6,UNIT,2019
390,32,JAWA BARAT,3278,KOTA TASIKMALAYA,OBAT-OBATAN,0,UNIT,2019
391,32,JAWA BARAT,3279,KOTA BANJAR,AGRIBISNIS,0,UNIT,2019
392,32,JAWA BARAT,3279,KOTA BANJAR,AKSESORIS,0,UNIT,2019
393,32,JAWA BARAT,3279,KOTA BANJAR,BATIK,0,UNIT,2019
394,32,JAWA BARAT,3279,KOTA BANJAR,BORDIR,1,UNIT,2019
395,32,JAWA BARAT,3279,KOTA BANJAR,CRAFT,0,UNIT,2019
396,32,JAWA BARAT,3279,KOTA BANJAR,DEKORASI,1,UNIT,2019
397,32,JAWA BARAT,3279,KOTA BANJAR,MEBEL,0,UNIT,2019
398,32,JAWA BARAT,3279,KOTA BANJAR,FASHION,0,UNIT,2019
399,32,JAWA BARAT,3279,KOTA BANJAR,INDUSTRI,5,UNIT,2019
400,32,JAWA BARAT,3279,KOTA BANJAR,JASA,3,UNIT,2019
401,32,JAWA BARAT,3279,KOTA BANJAR,KONVEKSI,1,UNIT,2019
402,32,JAWA BARAT,3279,KOTA BANJAR,KULINER,3,UNIT,2019
403,32,JAWA BARAT,3279,KOTA BANJAR,MAKANAN,23,UNIT,2019
404,32,JAWA BARAT,3279,KOTA BANJAR,MINUMAN,2,UNIT,2019
405,32,JAWA BARAT,3279,KOTA BANJAR,OBAT-OBATAN,0,UNIT,2019
406,32,JAWA BARAT,3201,KABUPATEN BOGOR,AGRIBISNIS,11,UNIT,2020
407,32,JAWA BARAT,3201,KABUPATEN BOGOR,AKSESORIS,0,UNIT,2020
408,32,JAWA BARAT,3201,KABUPATEN BOGOR,BATIK,0,UNIT,2020
409,32,JAWA BARAT,3201,KABUPATEN BOGOR,BORDIR,0,UNIT,2020
410,32,JAWA BARAT,3201,KABUPATEN BOGOR,CRAFT,37,UNIT,2020
411,32,JAWA BARAT,3201,KABUPATEN BOGOR,DEKORASI,0,UNIT,2020
412,32,JAWA BARAT,3201,KABUPATEN BOGOR,MEBEL,0,UNIT,2020
413,32,JAWA BARAT,3201,KABUPATEN BOGOR,FASHION,35,UNIT,2020
414,32,JAWA BARAT,3201,KABUPATEN BOGOR,INDUSTRI,16,UNIT,2020
415,32,JAWA BARAT,3201,KABUPATEN BOGOR,JASA,14,UNIT,2020
416,32,JAWA BARAT,3201,KABUPATEN BOGOR,KONVEKSI,1,UNIT,2020
417,32,JAWA BARAT,3201,KABUPATEN BOGOR,KULINER,52,UNIT,2020
418,32,JAWA BARAT,3201,KABUPATEN BOGOR,MAKANAN,104,UNIT,2020
419,32,JAWA BARAT,3201,KABUPATEN BOGOR,MINUMAN,14,UNIT,2020
420,32,JAWA BARAT,3201,KABUPATEN BOGOR,OBAT-OBATAN,0,UNIT,2020
421,32,JAWA BARAT,3202,KABUPATEN SUKABUMI,AGRIBISNIS,11,UNIT,2020
422,32,JAWA BARAT,3202,KABUPATEN SUKABUMI,AKSESORIS,4,UNIT,2020
423,32,JAWA BARAT,3202,KABUPATEN SUKABUMI,BATIK,0,UNIT,2020
424,32,JAWA BARAT,3202,KABUPATEN SUKABUMI,BORDIR,1,UNIT,2020
425,32,JAWA BARAT,3202,KABUPATEN SUKABUMI,CRAFT,29,UNIT,2020
426,32,JAWA BARAT,3202,KABUPATEN SUKABUMI,DEKORASI,0,UNIT,2020
427,32,JAWA BARAT,3202,KABUPATEN SUKABUMI,MEBEL,0,UNIT,2020
428,32,JAWA BARAT,3202,KABUPATEN SUKABUMI,FASHION,19,UNIT,2020
429,32,JAWA BARAT,3202,KABUPATEN SUKABUMI,INDUSTRI,15,UNIT,2020
430,32,JAWA BARAT,3202,KABUPATEN SUKABUMI,JASA,3,UNIT,2020
431,32,JAWA BARAT,3202,KABUPATEN SUKABUMI,KONVEKSI,10,UNIT,2020
432,32,JAWA BARAT,3202,KABUPATEN SUKABUMI,KULINER,42,UNIT,2020
433,32,JAWA BARAT,3202,KABUPATEN SUKABUMI,MAKANAN,77,UNIT,2020
434,32,JAWA BARAT,3202,KABUPATEN SUKABUMI,MINUMAN,9,UNIT,2020
435,32,JAWA BARAT,3202,KABUPATEN SUKABUMI,OBAT-OBATAN,0,UNIT,2020
436,32,JAWA BARAT,3203,KABUPATEN CIANJUR,AGRIBISNIS,16,UNIT,2020
437,32,JAWA BARAT,3203,KABUPATEN CIANJUR,AKSESORIS,0,UNIT,2020
438,32,JAWA BARAT,3203,KABUPATEN CIANJUR,BATIK,1,UNIT,2020
439,32,JAWA BARAT,3203,KABUPATEN CIANJUR,BORDIR,1,UNIT,2020
440,32,JAWA BARAT,3203,KABUPATEN CIANJUR,CRAFT,11,UNIT,2020
441,32,JAWA BARAT,3203,KABUPATEN CIANJUR,DEKORASI,1,UNIT,2020
442,32,JAWA BARAT,3203,KABUPATEN CIANJUR,MEBEL,1,UNIT,2020
443,32,JAWA BARAT,3203,KABUPATEN CIANJUR,FASHION,18,UNIT,2020
444,32,JAWA BARAT,3203,KABUPATEN CIANJUR,INDUSTRI,2,UNIT,2020
445,32,JAWA BARAT,3203,KABUPATEN CIANJUR,JASA,10,UNIT,2020
446,32,JAWA BARAT,3203,KABUPATEN CIANJUR,KONVEKSI,11,UNIT,2020
447,32,JAWA BARAT,3203,KABUPATEN CIANJUR,KULINER,20,UNIT,2020
448,32,JAWA BARAT,3203,KABUPATEN CIANJUR,MAKANAN,94,UNIT,2020
449,32,JAWA BARAT,3203,KABUPATEN CIANJUR,MINUMAN,21,UNIT,2020
450,32,JAWA BARAT,3203,KABUPATEN CIANJUR,OBAT-OBATAN,4,UNIT,2020
451,32,JAWA BARAT,3204,KABUPATEN BANDUNG,AGRIBISNIS,0,UNIT,2020
452,32,JAWA BARAT,3204,KABUPATEN BANDUNG,AKSESORIS,2,UNIT,2020
453,32,JAWA BARAT,3204,KABUPATEN BANDUNG,BATIK,0,UNIT,2020
454,32,JAWA BARAT,3204,KABUPATEN BANDUNG,BORDIR,1,UNIT,2020
455,32,JAWA BARAT,3204,KABUPATEN BANDUNG,CRAFT,22,UNIT,2020
456,32,JAWA BARAT,3204,KABUPATEN BANDUNG,DEKORASI,1,UNIT,2020
457,32,JAWA BARAT,3204,KABUPATEN BANDUNG,MEBEL,0,UNIT,2020
458,32,JAWA BARAT,3204,KABUPATEN BANDUNG,FASHION,30,UNIT,2020
459,32,JAWA BARAT,3204,KABUPATEN BANDUNG,INDUSTRI,10,UNIT,2020
460,32,JAWA BARAT,3204,KABUPATEN BANDUNG,JASA,4,UNIT,2020
461,32,JAWA BARAT,3204,KABUPATEN BANDUNG,KONVEKSI,27,UNIT,2020
462,32,JAWA BARAT,3204,KABUPATEN BANDUNG,KULINER,47,UNIT,2020
463,32,JAWA BARAT,3204,KABUPATEN BANDUNG,MAKANAN,144,UNIT,2020
464,32,JAWA BARAT,3204,KABUPATEN BANDUNG,MINUMAN,12,UNIT,2020
465,32,JAWA BARAT,3204,KABUPATEN BANDUNG,OBAT-OBATAN,0,UNIT,2020
466,32,JAWA BARAT,3205,KABUPATEN GARUT,AGRIBISNIS,7,UNIT,2020
467,32,JAWA BARAT,3205,KABUPATEN GARUT,AKSESORIS,8,UNIT,2020
468,32,JAWA BARAT,3205,KABUPATEN GARUT,BATIK,2,UNIT,2020
469,32,JAWA BARAT,3205,KABUPATEN GARUT,BORDIR,0,UNIT,2020
470,32,JAWA BARAT,3205,KABUPATEN GARUT,CRAFT,18,UNIT,2020
471,32,JAWA BARAT,3205,KABUPATEN GARUT,DEKORASI,0,UNIT,2020
472,32,JAWA BARAT,3205,KABUPATEN GARUT,MEBEL,1,UNIT,2020
473,32,JAWA BARAT,3205,KABUPATEN GARUT,FASHION,36,UNIT,2020
474,32,JAWA BARAT,3205,KABUPATEN GARUT,INDUSTRI,9,UNIT,2020
475,32,JAWA BARAT,3205,KABUPATEN GARUT,JASA,7,UNIT,2020
476,32,JAWA BARAT,3205,KABUPATEN GARUT,KONVEKSI,20,UNIT,2020
477,32,JAWA BARAT,3205,KABUPATEN GARUT,KULINER,44,UNIT,2020
478,32,JAWA BARAT,3205,KABUPATEN GARUT,MAKANAN,90,UNIT,2020
479,32,JAWA BARAT,3205,KABUPATEN GARUT,MINUMAN,8,UNIT,2020
480,32,JAWA BARAT,3205,KABUPATEN GARUT,OBAT-OBATAN,0,UNIT,2020
481,32,JAWA BARAT,3206,KABUPATEN TASIKMALAYA,AGRIBISNIS,5,UNIT,2020
482,32,JAWA BARAT,3206,KABUPATEN TASIKMALAYA,AKSESORIS,1,UNIT,2020
483,32,JAWA BARAT,3206,KABUPATEN TASIKMALAYA,BATIK,0,UNIT,2020
484,32,JAWA BARAT,3206,KABUPATEN TASIKMALAYA,BORDIR,0,UNIT,2020
485,32,JAWA BARAT,3206,KABUPATEN TASIKMALAYA,CRAFT,25,UNIT,2020
486,32,JAWA BARAT,3206,KABUPATEN TASIKMALAYA,DEKORASI,0,UNIT,2020
487,32,JAWA BARAT,3206,KABUPATEN TASIKMALAYA,MEBEL,0,UNIT,2020
488,32,JAWA BARAT,3206,KABUPATEN TASIKMALAYA,FASHION,11,UNIT,2020
489,32,JAWA BARAT,3206,KABUPATEN TASIKMALAYA,INDUSTRI,6,UNIT,2020
490,32,JAWA BARAT,3206,KABUPATEN TASIKMALAYA,JASA,1,UNIT,2020
491,32,JAWA BARAT,3206,KABUPATEN TASIKMALAYA,KONVEKSI,21,UNIT,2020
492,32,JAWA BARAT,3206,KABUPATEN TASIKMALAYA,KULINER,25,UNIT,2020
493,32,JAWA BARAT,3206,KABUPATEN TASIKMALAYA,MAKANAN,105,UNIT,2020
494,32,JAWA BARAT,3206,KABUPATEN TASIKMALAYA,MINUMAN,15,UNIT,2020
495,32,JAWA BARAT,3206,KABUPATEN TASIKMALAYA,OBAT-OBATAN,1,UNIT,2020
496,32,JAWA BARAT,3207,KABUPATEN CIAMIS,AGRIBISNIS,0,UNIT,2020
497,32,JAWA BARAT,3207,KABUPATEN CIAMIS,AKSESORIS,1,UNIT,2020
498,32,JAWA BARAT,3207,KABUPATEN CIAMIS,BATIK,0,UNIT,2020
499,32,JAWA BARAT,3207,KABUPATEN CIAMIS,BORDIR,0,UNIT,2020
500,32,JAWA BARAT,3207,KABUPATEN CIAMIS,CRAFT,8,UNIT,2020
501,32,JAWA BARAT,3207,KABUPATEN CIAMIS,DEKORASI,0,UNIT,2020
502,32,JAWA BARAT,3207,KABUPATEN CIAMIS,MEBEL,0,UNIT,2020
503,32,JAWA BARAT,3207,KABUPATEN CIAMIS,FASHION,3,UNIT,2020
504,32,JAWA BARAT,3207,KABUPATEN CIAMIS,INDUSTRI,1,UNIT,2020
505,32,JAWA BARAT,3207,KABUPATEN CIAMIS,JASA,4,UNIT,2020
506,32,JAWA BARAT,3207,KABUPATEN CIAMIS,KONVEKSI,2,UNIT,2020
507,32,JAWA BARAT,3207,KABUPATEN CIAMIS,KULINER,69,UNIT,2020
508,32,JAWA BARAT,3207,KABUPATEN CIAMIS,MAKANAN,98,UNIT,2020
509,32,JAWA BARAT,3207,KABUPATEN CIAMIS,MINUMAN,9,UNIT,2020
510,32,JAWA BARAT,3207,KABUPATEN CIAMIS,OBAT-OBATAN,0,UNIT,2020
511,32,JAWA BARAT,3208,KABUPATEN KUNINGAN,AGRIBISNIS,1,UNIT,2020
512,32,JAWA BARAT,3208,KABUPATEN KUNINGAN,AKSESORIS,0,UNIT,2020
513,32,JAWA BARAT,3208,KABUPATEN KUNINGAN,BATIK,0,UNIT,2020
514,32,JAWA BARAT,3208,KABUPATEN KUNINGAN,BORDIR,0,UNIT,2020
515,32,JAWA BARAT,3208,KABUPATEN KUNINGAN,CRAFT,3,UNIT,2020
516,32,JAWA BARAT,3208,KABUPATEN KUNINGAN,DEKORASI,0,UNIT,2020
517,32,JAWA BARAT,3208,KABUPATEN KUNINGAN,MEBEL,0,UNIT,2020
518,32,JAWA BARAT,3208,KABUPATEN KUNINGAN,FASHION,2,UNIT,2020
519,32,JAWA BARAT,3208,KABUPATEN KUNINGAN,INDUSTRI,0,UNIT,2020
520,32,JAWA BARAT,3208,KABUPATEN KUNINGAN,JASA,0,UNIT,2020
521,32,JAWA BARAT,3208,KABUPATEN KUNINGAN,KONVEKSI,2,UNIT,2020
522,32,JAWA BARAT,3208,KABUPATEN KUNINGAN,KULINER,82,UNIT,2020
523,32,JAWA BARAT,3208,KABUPATEN KUNINGAN,MAKANAN,63,UNIT,2020
524,32,JAWA BARAT,3208,KABUPATEN KUNINGAN,MINUMAN,15,UNIT,2020
525,32,JAWA BARAT,3208,KABUPATEN KUNINGAN,OBAT-OBATAN,0,UNIT,2020
526,32,JAWA BARAT,3209,KABUPATEN CIREBON,AGRIBISNIS,14,UNIT,2020
527,32,JAWA BARAT,3209,KABUPATEN CIREBON,AKSESORIS,1,UNIT,2020
528,32,JAWA BARAT,3209,KABUPATEN CIREBON,BATIK,0,UNIT,2020
529,32,JAWA BARAT,3209,KABUPATEN CIREBON,BORDIR,0,UNIT,2020
530,32,JAWA BARAT,3209,KABUPATEN CIREBON,CRAFT,23,UNIT,2020
531,32,JAWA BARAT,3209,KABUPATEN CIREBON,DEKORASI,0,UNIT,2020
532,32,JAWA BARAT,3209,KABUPATEN CIREBON,MEBEL,1,UNIT,2020
533,32,JAWA BARAT,3209,KABUPATEN CIREBON,FASHION,23,UNIT,2020
534,32,JAWA BARAT,3209,KABUPATEN CIREBON,INDUSTRI,9,UNIT,2020
535,32,JAWA BARAT,3209,KABUPATEN CIREBON,JASA,3,UNIT,2020
536,32,JAWA BARAT,3209,KABUPATEN CIREBON,KONVEKSI,5,UNIT,2020
537,32,JAWA BARAT,3209,KABUPATEN CIREBON,KULINER,49,UNIT,2020
538,32,JAWA BARAT,3209,KABUPATEN CIREBON,MAKANAN,116,UNIT,2020
539,32,JAWA BARAT,3209,KABUPATEN CIREBON,MINUMAN,11,UNIT,2020
540,32,JAWA BARAT,3209,KABUPATEN CIREBON,OBAT-OBATAN,1,UNIT,2020
541,32,JAWA BARAT,3210,KABUPATEN MAJALENGKA,AGRIBISNIS,10,UNIT,2020
542,32,JAWA BARAT,3210,KABUPATEN MAJALENGKA,AKSESORIS,0,UNIT,2020
543,32,JAWA BARAT,3210,KABUPATEN MAJALENGKA,BATIK,0,UNIT,2020
544,32,JAWA BARAT,3210,KABUPATEN MAJALENGKA,BORDIR,0,UNIT,2020
545,32,JAWA BARAT,3210,KABUPATEN MAJALENGKA,CRAFT,25,UNIT,2020
546,32,JAWA BARAT,3210,KABUPATEN MAJALENGKA,DEKORASI,0,UNIT,2020
547,32,JAWA BARAT,3210,KABUPATEN MAJALENGKA,MEBEL,0,UNIT,2020
548,32,JAWA BARAT,3210,KABUPATEN MAJALENGKA,FASHION,17,UNIT,2020
549,32,JAWA BARAT,3210,KABUPATEN MAJALENGKA,INDUSTRI,13,UNIT,2020
550,32,JAWA BARAT,3210,KABUPATEN MAJALENGKA,JASA,3,UNIT,2020
551,32,JAWA BARAT,3210,KABUPATEN MAJALENGKA,KONVEKSI,5,UNIT,2020
552,32,JAWA BARAT,3210,KABUPATEN MAJALENGKA,KULINER,75,UNIT,2020
553,32,JAWA BARAT,3210,KABUPATEN MAJALENGKA,MAKANAN,95,UNIT,2020
554,32,JAWA BARAT,3210,KABUPATEN MAJALENGKA,MINUMAN,10,UNIT,2020
555,32,JAWA BARAT,3210,KABUPATEN MAJALENGKA,OBAT-OBATAN,0,UNIT,2020
556,32,JAWA BARAT,3211,KABUPATEN SUMEDANG,AGRIBISNIS,3,UNIT,2020
557,32,JAWA BARAT,3211,KABUPATEN SUMEDANG,AKSESORIS,0,UNIT,2020
558,32,JAWA BARAT,3211,KABUPATEN SUMEDANG,BATIK,1,UNIT,2020
559,32,JAWA BARAT,3211,KABUPATEN SUMEDANG,BORDIR,0,UNIT,2020
560,32,JAWA BARAT,3211,KABUPATEN SUMEDANG,CRAFT,27,UNIT,2020
561,32,JAWA BARAT,3211,KABUPATEN SUMEDANG,DEKORASI,0,UNIT,2020
562,32,JAWA BARAT,3211,KABUPATEN SUMEDANG,MEBEL,0,UNIT,2020
563,32,JAWA BARAT,3211,KABUPATEN SUMEDANG,FASHION,27,UNIT,2020
564,32,JAWA BARAT,3211,KABUPATEN SUMEDANG,INDUSTRI,3,UNIT,2020
565,32,JAWA BARAT,3211,KABUPATEN SUMEDANG,JASA,2,UNIT,2020
566,32,JAWA BARAT,3211,KABUPATEN SUMEDANG,KONVEKSI,2,UNIT,2020
567,32,JAWA BARAT,3211,KABUPATEN SUMEDANG,KULINER,96,UNIT,2020
568,32,JAWA BARAT,3211,KABUPATEN SUMEDANG,MAKANAN,54,UNIT,2020
569,32,JAWA BARAT,3211,KABUPATEN SUMEDANG,MINUMAN,2,UNIT,2020
570,32,JAWA BARAT,3211,KABUPATEN SUMEDANG,OBAT-OBATAN,0,UNIT,2020
571,32,JAWA BARAT,3212,KABUPATEN INDRAMAYU,AGRIBISNIS,8,UNIT,2020
572,32,JAWA BARAT,3212,KABUPATEN INDRAMAYU,AKSESORIS,0,UNIT,2020
573,32,JAWA BARAT,3212,KABUPATEN INDRAMAYU,BATIK,0,UNIT,2020
574,32,JAWA BARAT,3212,KABUPATEN INDRAMAYU,BORDIR,0,UNIT,2020
575,32,JAWA BARAT,3212,KABUPATEN INDRAMAYU,CRAFT,13,UNIT,2020
576,32,JAWA BARAT,3212,KABUPATEN INDRAMAYU,DEKORASI,0,UNIT,2020
577,32,JAWA BARAT,3212,KABUPATEN INDRAMAYU,MEBEL,0,UNIT,2020
578,32,JAWA BARAT,3212,KABUPATEN INDRAMAYU,FASHION,2,UNIT,2020
579,32,JAWA BARAT,3212,KABUPATEN INDRAMAYU,INDUSTRI,3,UNIT,2020
580,32,JAWA BARAT,3212,KABUPATEN INDRAMAYU,JASA,15,UNIT,2020
581,32,JAWA BARAT,3212,KABUPATEN INDRAMAYU,KONVEKSI,4,UNIT,2020
582,32,JAWA BARAT,3212,KABUPATEN INDRAMAYU,KULINER,44,UNIT,2020
583,32,JAWA BARAT,3212,KABUPATEN INDRAMAYU,MAKANAN,53,UNIT,2020
584,32,JAWA BARAT,3212,KABUPATEN INDRAMAYU,MINUMAN,10,UNIT,2020
585,32,JAWA BARAT,3212,KABUPATEN INDRAMAYU,OBAT-OBATAN,0,UNIT,2020
586,32,JAWA BARAT,3213,KABUPATEN SUBANG,AGRIBISNIS,9,UNIT,2020
587,32,JAWA BARAT,3213,KABUPATEN SUBANG,AKSESORIS,0,UNIT,2020
588,32,JAWA BARAT,3213,KABUPATEN SUBANG,BATIK,1,UNIT,2020
589,32,JAWA BARAT,3213,KABUPATEN SUBANG,BORDIR,0,UNIT,2020
590,32,JAWA BARAT,3213,KABUPATEN SUBANG,CRAFT,13,UNIT,2020
591,32,JAWA BARAT,3213,KABUPATEN SUBANG,DEKORASI,0,UNIT,2020
592,32,JAWA BARAT,3213,KABUPATEN SUBANG,MEBEL,0,UNIT,2020
593,32,JAWA BARAT,3213,KABUPATEN SUBANG,FASHION,11,UNIT,2020
594,32,JAWA BARAT,3213,KABUPATEN SUBANG,INDUSTRI,23,UNIT,2020
595,32,JAWA BARAT,3213,KABUPATEN SUBANG,JASA,7,UNIT,2020
596,32,JAWA BARAT,3213,KABUPATEN SUBANG,KONVEKSI,4,UNIT,2020
597,32,JAWA BARAT,3213,KABUPATEN SUBANG,KULINER,34,UNIT,2020
598,32,JAWA BARAT,3213,KABUPATEN SUBANG,MAKANAN,62,UNIT,2020
599,32,JAWA BARAT,3213,KABUPATEN SUBANG,MINUMAN,7,UNIT,2020
600,32,JAWA BARAT,3213,KABUPATEN SUBANG,OBAT-OBATAN,1,UNIT,2020
601,32,JAWA BARAT,3214,KABUPATEN PURWAKARTA,AGRIBISNIS,18,UNIT,2020
602,32,JAWA BARAT,3214,KABUPATEN PURWAKARTA,AKSESORIS,0,UNIT,2020
603,32,JAWA BARAT,3214,KABUPATEN PURWAKARTA,BATIK,0,UNIT,2020
604,32,JAWA BARAT,3214,KABUPATEN PURWAKARTA,BORDIR,0,UNIT,2020
605,32,JAWA BARAT,3214,KABUPATEN PURWAKARTA,CRAFT,7,UNIT,2020
606,32,JAWA BARAT,3214,KABUPATEN PURWAKARTA,DEKORASI,0,UNIT,2020
607,32,JAWA BARAT,3214,KABUPATEN PURWAKARTA,MEBEL,0,UNIT,2020
608,32,JAWA BARAT,3214,KABUPATEN PURWAKARTA,FASHION,4,UNIT,2020
609,32,JAWA BARAT,3214,KABUPATEN PURWAKARTA,INDUSTRI,8,UNIT,2020
610,32,JAWA BARAT,3214,KABUPATEN PURWAKARTA,JASA,21,UNIT,2020
611,32,JAWA BARAT,3214,KABUPATEN PURWAKARTA,KONVEKSI,1,UNIT,2020
612,32,JAWA BARAT,3214,KABUPATEN PURWAKARTA,KULINER,31,UNIT,2020
613,32,JAWA BARAT,3214,KABUPATEN PURWAKARTA,MAKANAN,15,UNIT,2020
614,32,JAWA BARAT,3214,KABUPATEN PURWAKARTA,MINUMAN,17,UNIT,2020
615,32,JAWA BARAT,3214,KABUPATEN PURWAKARTA,OBAT-OBATAN,0,UNIT,2020
616,32,JAWA BARAT,3215,KABUPATEN KARAWANG,AGRIBISNIS,1,UNIT,2020
617,32,JAWA BARAT,3215,KABUPATEN KARAWANG,AKSESORIS,1,UNIT,2020
618,32,JAWA BARAT,3215,KABUPATEN KARAWANG,BATIK,1,UNIT,2020
619,32,JAWA BARAT,3215,KABUPATEN KARAWANG,BORDIR,0,UNIT,2020
620,32,JAWA BARAT,3215,KABUPATEN KARAWANG,CRAFT,14,UNIT,2020
621,32,JAWA BARAT,3215,KABUPATEN KARAWANG,DEKORASI,0,UNIT,2020
622,32,JAWA BARAT,3215,KABUPATEN KARAWANG,MEBEL,0,UNIT,2020
623,32,JAWA BARAT,3215,KABUPATEN KARAWANG,FASHION,7,UNIT,2020
624,32,JAWA BARAT,3215,KABUPATEN KARAWANG,INDUSTRI,3,UNIT,2020
625,32,JAWA BARAT,3215,KABUPATEN KARAWANG,JASA,6,UNIT,2020
626,32,JAWA BARAT,3215,KABUPATEN KARAWANG,KONVEKSI,9,UNIT,2020
627,32,JAWA BARAT,3215,KABUPATEN KARAWANG,KULINER,44,UNIT,2020
628,32,JAWA BARAT,3215,KABUPATEN KARAWANG,MAKANAN,80,UNIT,2020
629,32,JAWA BARAT,3215,KABUPATEN KARAWANG,MINUMAN,18,UNIT,2020
630,32,JAWA BARAT,3215,KABUPATEN KARAWANG,OBAT-OBATAN,1,UNIT,2020
631,32,JAWA BARAT,3216,KABUPATEN BEKASI,AGRIBISNIS,5,UNIT,2020
632,32,JAWA BARAT,3216,KABUPATEN BEKASI,AKSESORIS,1,UNIT,2020
633,32,JAWA BARAT,3216,KABUPATEN BEKASI,BATIK,3,UNIT,2020
634,32,JAWA BARAT,3216,KABUPATEN BEKASI,BORDIR,1,UNIT,2020
635,32,JAWA BARAT,3216,KABUPATEN BEKASI,CRAFT,15,UNIT,2020
636,32,JAWA BARAT,3216,KABUPATEN BEKASI,DEKORASI,0,UNIT,2020
637,32,JAWA BARAT,3216,KABUPATEN BEKASI,MEBEL,0,UNIT,2020
638,32,JAWA BARAT,3216,KABUPATEN BEKASI,FASHION,15,UNIT,2020
639,32,JAWA BARAT,3216,KABUPATEN BEKASI,INDUSTRI,1,UNIT,2020
640,32,JAWA BARAT,3216,KABUPATEN BEKASI,JASA,2,UNIT,2020
641,32,JAWA BARAT,3216,KABUPATEN BEKASI,KONVEKSI,3,UNIT,2020
642,32,JAWA BARAT,3216,KABUPATEN BEKASI,KULINER,68,UNIT,2020
643,32,JAWA BARAT,3216,KABUPATEN BEKASI,MAKANAN,60,UNIT,2020
644,32,JAWA BARAT,3216,KABUPATEN BEKASI,MINUMAN,9,UNIT,2020
645,32,JAWA BARAT,3216,KABUPATEN BEKASI,OBAT-OBATAN,0,UNIT,2020
646,32,JAWA BARAT,3217,KABUPATEN BANDUNG BARAT,AGRIBISNIS,7,UNIT,2020
647,32,JAWA BARAT,3217,KABUPATEN BANDUNG BARAT,AKSESORIS,0,UNIT,2020
648,32,JAWA BARAT,3217,KABUPATEN BANDUNG BARAT,BATIK,0,UNIT,2020
649,32,JAWA BARAT,3217,KABUPATEN BANDUNG BARAT,BORDIR,0,UNIT,2020
650,32,JAWA BARAT,3217,KABUPATEN BANDUNG BARAT,CRAFT,30,UNIT,2020
651,32,JAWA BARAT,3217,KABUPATEN BANDUNG BARAT,DEKORASI,0,UNIT,2020
652,32,JAWA BARAT,3217,KABUPATEN BANDUNG BARAT,MEBEL,0,UNIT,2020
653,32,JAWA BARAT,3217,KABUPATEN BANDUNG BARAT,FASHION,47,UNIT,2020
654,32,JAWA BARAT,3217,KABUPATEN BANDUNG BARAT,INDUSTRI,2,UNIT,2020
655,32,JAWA BARAT,3217,KABUPATEN BANDUNG BARAT,JASA,18,UNIT,2020
656,32,JAWA BARAT,3217,KABUPATEN BANDUNG BARAT,KONVEKSI,3,UNIT,2020
657,32,JAWA BARAT,3217,KABUPATEN BANDUNG BARAT,KULINER,73,UNIT,2020
658,32,JAWA BARAT,3217,KABUPATEN BANDUNG BARAT,MAKANAN,52,UNIT,2020
659,32,JAWA BARAT,3217,KABUPATEN BANDUNG BARAT,MINUMAN,8,UNIT,2020
660,32,JAWA BARAT,3217,KABUPATEN BANDUNG BARAT,OBAT-OBATAN,0,UNIT,2020
661,32,JAWA BARAT,3218,KABUPATEN PANGANDARAN,AGRIBISNIS,0,UNIT,2020
662,32,JAWA BARAT,3218,KABUPATEN PANGANDARAN,AKSESORIS,0,UNIT,2020
663,32,JAWA BARAT,3218,KABUPATEN PANGANDARAN,BATIK,0,UNIT,2020
664,32,JAWA BARAT,3218,KABUPATEN PANGANDARAN,BORDIR,0,UNIT,2020
665,32,JAWA BARAT,3218,KABUPATEN PANGANDARAN,CRAFT,23,UNIT,2020
666,32,JAWA BARAT,3218,KABUPATEN PANGANDARAN,DEKORASI,0,UNIT,2020
667,32,JAWA BARAT,3218,KABUPATEN PANGANDARAN,MEBEL,0,UNIT,2020
668,32,JAWA BARAT,3218,KABUPATEN PANGANDARAN,FASHION,13,UNIT,2020
669,32,JAWA BARAT,3218,KABUPATEN PANGANDARAN,INDUSTRI,4,UNIT,2020
670,32,JAWA BARAT,3218,KABUPATEN PANGANDARAN,JASA,2,UNIT,2020
671,32,JAWA BARAT,3218,KABUPATEN PANGANDARAN,KONVEKSI,3,UNIT,2020
672,32,JAWA BARAT,3218,KABUPATEN PANGANDARAN,KULINER,60,UNIT,2020
673,32,JAWA BARAT,3218,KABUPATEN PANGANDARAN,MAKANAN,54,UNIT,2020
674,32,JAWA BARAT,3218,KABUPATEN PANGANDARAN,MINUMAN,5,UNIT,2020
675,32,JAWA BARAT,3218,KABUPATEN PANGANDARAN,OBAT-OBATAN,1,UNIT,2020
676,32,JAWA BARAT,3271,KOTA BOGOR,AGRIBISNIS,0,UNIT,2020
677,32,JAWA BARAT,3271,KOTA BOGOR,AKSESORIS,0,UNIT,2020
678,32,JAWA BARAT,3271,KOTA BOGOR,BATIK,2,UNIT,2020
679,32,JAWA BARAT,3271,KOTA BOGOR,BORDIR,0,UNIT,2020
680,32,JAWA BARAT,3271,KOTA BOGOR,CRAFT,13,UNIT,2020
681,32,JAWA BARAT,3271,KOTA BOGOR,DEKORASI,1,UNIT,2020
682,32,JAWA BARAT,3271,KOTA BOGOR,MEBEL,0,UNIT,2020
683,32,JAWA BARAT,3271,KOTA BOGOR,FASHION,8,UNIT,2020
684,32,JAWA BARAT,3271,KOTA BOGOR,INDUSTRI,8,UNIT,2020
685,32,JAWA BARAT,3271,KOTA BOGOR,JASA,3,UNIT,2020
686,32,JAWA BARAT,3271,KOTA BOGOR,KONVEKSI,51,UNIT,2020
687,32,JAWA BARAT,3271,KOTA BOGOR,KULINER,3,UNIT,2020
688,32,JAWA BARAT,3271,KOTA BOGOR,MAKANAN,43,UNIT,2020
689,32,JAWA BARAT,3271,KOTA BOGOR,MINUMAN,6,UNIT,2020
690,32,JAWA BARAT,3271,KOTA BOGOR,OBAT-OBATAN,0,UNIT,2020
691,32,JAWA BARAT,3272,KOTA SUKABUMI,AGRIBISNIS,5,UNIT,2020
692,32,JAWA BARAT,3272,KOTA SUKABUMI,AKSESORIS,1,UNIT,2020
693,32,JAWA BARAT,3272,KOTA SUKABUMI,BATIK,0,UNIT,2020
694,32,JAWA BARAT,3272,KOTA SUKABUMI,BORDIR,0,UNIT,2020
695,32,JAWA BARAT,3272,KOTA SUKABUMI,CRAFT,18,UNIT,2020
696,32,JAWA BARAT,3272,KOTA SUKABUMI,DEKORASI,0,UNIT,2020
697,32,JAWA BARAT,3272,KOTA SUKABUMI,MEBEL,0,UNIT,2020
698,32,JAWA BARAT,3272,KOTA SUKABUMI,FASHION,8,UNIT,2020
699,32,JAWA BARAT,3272,KOTA SUKABUMI,INDUSTRI,5,UNIT,2020
700,32,JAWA BARAT,3272,KOTA SUKABUMI,JASA,7,UNIT,2020
701,32,JAWA BARAT,3272,KOTA SUKABUMI,KONVEKSI,3,UNIT,2020
702,32,JAWA BARAT,3272,KOTA SUKABUMI,KULINER,28,UNIT,2020
703,32,JAWA BARAT,3272,KOTA SUKABUMI,MAKANAN,82,UNIT,2020
704,32,JAWA BARAT,3272,KOTA SUKABUMI,MINUMAN,10,UNIT,2020
705,32,JAWA BARAT,3272,KOTA SUKABUMI,OBAT-OBATAN,0,UNIT,2020
706,32,JAWA BARAT,3273,KOTA BANDUNG,AGRIBISNIS,0,UNIT,2020
707,32,JAWA BARAT,3273,KOTA BANDUNG,AKSESORIS,1,UNIT,2020
708,32,JAWA BARAT,3273,KOTA BANDUNG,BATIK,0,UNIT,2020
709,32,JAWA BARAT,3273,KOTA BANDUNG,BORDIR,0,UNIT,2020
710,32,JAWA BARAT,3273,KOTA BANDUNG,CRAFT,39,UNIT,2020
711,32,JAWA BARAT,3273,KOTA BANDUNG,DEKORASI,1,UNIT,2020
712,32,JAWA BARAT,3273,KOTA BANDUNG,MEBEL,0,UNIT,2020
713,32,JAWA BARAT,3273,KOTA BANDUNG,FASHION,146,UNIT,2020
714,32,JAWA BARAT,3273,KOTA BANDUNG,INDUSTRI,6,UNIT,2020
715,32,JAWA BARAT,3273,KOTA BANDUNG,JASA,15,UNIT,2020
716,32,JAWA BARAT,3273,KOTA BANDUNG,KONVEKSI,4,UNIT,2020
717,32,JAWA BARAT,3273,KOTA BANDUNG,KULINER,201,UNIT,2020
718,32,JAWA BARAT,3273,KOTA BANDUNG,MAKANAN,5,UNIT,2020
719,32,JAWA BARAT,3273,KOTA BANDUNG,MINUMAN,3,UNIT,2020
720,32,JAWA BARAT,3273,KOTA BANDUNG,OBAT-OBATAN,1,UNIT,2020
721,32,JAWA BARAT,3274,KOTA CIREBON,AGRIBISNIS,1,UNIT,2020
722,32,JAWA BARAT,3274,KOTA CIREBON,AKSESORIS,0,UNIT,2020
723,32,JAWA BARAT,3274,KOTA CIREBON,BATIK,2,UNIT,2020
724,32,JAWA BARAT,3274,KOTA CIREBON,BORDIR,0,UNIT,2020
725,32,JAWA BARAT,3274,KOTA CIREBON,CRAFT,12,UNIT,2020
726,32,JAWA BARAT,3274,KOTA CIREBON,DEKORASI,0,UNIT,2020
727,32,JAWA BARAT,3274,KOTA CIREBON,MEBEL,2,UNIT,2020
728,32,JAWA BARAT,3274,KOTA CIREBON,FASHION,12,UNIT,2020
729,32,JAWA BARAT,3274,KOTA CIREBON,INDUSTRI,10,UNIT,2020
730,32,JAWA BARAT,3274,KOTA CIREBON,JASA,6,UNIT,2020
731,32,JAWA BARAT,3274,KOTA CIREBON,KONVEKSI,1,UNIT,2020
732,32,JAWA BARAT,3274,KOTA CIREBON,KULINER,2,UNIT,2020
733,32,JAWA BARAT,3274,KOTA CIREBON,MAKANAN,148,UNIT,2020
734,32,JAWA BARAT,3274,KOTA CIREBON,MINUMAN,13,UNIT,2020
735,32,JAWA BARAT,3274,KOTA CIREBON,OBAT-OBATAN,1,UNIT,2020
736,32,JAWA BARAT,3275,KOTA BEKASI,AGRIBISNIS,4,UNIT,2020
737,32,JAWA BARAT,3275,KOTA BEKASI,AKSESORIS,3,UNIT,2020
738,32,JAWA BARAT,3275,KOTA BEKASI,BATIK,2,UNIT,2020
739,32,JAWA BARAT,3275,KOTA BEKASI,BORDIR,0,UNIT,2020
740,32,JAWA BARAT,3275,KOTA BEKASI,CRAFT,11,UNIT,2020
741,32,JAWA BARAT,3275,KOTA BEKASI,DEKORASI,0,UNIT,2020
742,32,JAWA BARAT,3275,KOTA BEKASI,MEBEL,0,UNIT,2020
743,32,JAWA BARAT,3275,KOTA BEKASI,FASHION,12,UNIT,2020
744,32,JAWA BARAT,3275,KOTA BEKASI,INDUSTRI,2,UNIT,2020
745,32,JAWA BARAT,3275,KOTA BEKASI,JASA,13,UNIT,2020
746,32,JAWA BARAT,3275,KOTA BEKASI,KONVEKSI,6,UNIT,2020
747,32,JAWA BARAT,3275,KOTA BEKASI,KULINER,19,UNIT,2020
748,32,JAWA BARAT,3275,KOTA BEKASI,MAKANAN,45,UNIT,2020
749,32,JAWA BARAT,3275,KOTA BEKASI,MINUMAN,9,UNIT,2020
750,32,JAWA BARAT,3275,KOTA BEKASI,OBAT-OBATAN,0,UNIT,2020
751,32,JAWA BARAT,3276,KOTA DEPOK,AGRIBISNIS,0,UNIT,2020
752,32,JAWA BARAT,3276,KOTA DEPOK,AKSESORIS,0,UNIT,2020
753,32,JAWA BARAT,3276,KOTA DEPOK,BATIK,0,UNIT,2020
754,32,JAWA BARAT,3276,KOTA DEPOK,BORDIR,0,UNIT,2020
755,32,JAWA BARAT,3276,KOTA DEPOK,CRAFT,11,UNIT,2020
756,32,JAWA BARAT,3276,KOTA DEPOK,DEKORASI,0,UNIT,2020
757,32,JAWA BARAT,3276,KOTA DEPOK,MEBEL,0,UNIT,2020
758,32,JAWA BARAT,3276,KOTA DEPOK,FASHION,8,UNIT,2020
759,32,JAWA BARAT,3276,KOTA DEPOK,INDUSTRI,4,UNIT,2020
760,32,JAWA BARAT,3276,KOTA DEPOK,JASA,1,UNIT,2020
761,32,JAWA BARAT,3276,KOTA DEPOK,KONVEKSI,0,UNIT,2020
762,32,JAWA BARAT,3276,KOTA DEPOK,KULINER,101,UNIT,2020
763,32,JAWA BARAT,3276,KOTA DEPOK,MAKANAN,21,UNIT,2020
764,32,JAWA BARAT,3276,KOTA DEPOK,MINUMAN,1,UNIT,2020
765,32,JAWA BARAT,3276,KOTA DEPOK,OBAT-OBATAN,0,UNIT,2020
766,32,JAWA BARAT,3277,KOTA CIMAHI,AGRIBISNIS,0,UNIT,2020
767,32,JAWA BARAT,3277,KOTA CIMAHI,AKSESORIS,0,UNIT,2020
768,32,JAWA BARAT,3277,KOTA CIMAHI,BATIK,0,UNIT,2020
769,32,JAWA BARAT,3277,KOTA CIMAHI,BORDIR,0,UNIT,2020
770,32,JAWA BARAT,3277,KOTA CIMAHI,CRAFT,18,UNIT,2020
771,32,JAWA BARAT,3277,KOTA CIMAHI,DEKORASI,0,UNIT,2020
772,32,JAWA BARAT,3277,KOTA CIMAHI,MEBEL,0,UNIT,2020
773,32,JAWA BARAT,3277,KOTA CIMAHI,FASHION,42,UNIT,2020
774,32,JAWA BARAT,3277,KOTA CIMAHI,INDUSTRI,0,UNIT,2020
775,32,JAWA BARAT,3277,KOTA CIMAHI,JASA,0,UNIT,2020
776,32,JAWA BARAT,3277,KOTA CIMAHI,KONVEKSI,0,UNIT,2020
777,32,JAWA BARAT,3277,KOTA CIMAHI,KULINER,55,UNIT,2020
778,32,JAWA BARAT,3277,KOTA CIMAHI,MAKANAN,68,UNIT,2020
779,32,JAWA BARAT,3277,KOTA CIMAHI,MINUMAN,0,UNIT,2020
780,32,JAWA BARAT,3277,KOTA CIMAHI,OBAT-OBATAN,1,UNIT,2020
781,32,JAWA BARAT,3278,KOTA TASIKMALAYA,AGRIBISNIS,2,UNIT,2020
782,32,JAWA BARAT,3278,KOTA TASIKMALAYA,AKSESORIS,0,UNIT,2020
783,32,JAWA BARAT,3278,KOTA TASIKMALAYA,BATIK,0,UNIT,2020
784,32,JAWA BARAT,3278,KOTA TASIKMALAYA,BORDIR,0,UNIT,2020
785,32,JAWA BARAT,3278,KOTA TASIKMALAYA,CRAFT,22,UNIT,2020
786,32,JAWA BARAT,3278,KOTA TASIKMALAYA,DEKORASI,0,UNIT,2020
787,32,JAWA BARAT,3278,KOTA TASIKMALAYA,MEBEL,0,UNIT,2020
788,32,JAWA BARAT,3278,KOTA TASIKMALAYA,FASHION,22,UNIT,2020
789,32,JAWA BARAT,3278,KOTA TASIKMALAYA,INDUSTRI,2,UNIT,2020
790,32,JAWA BARAT,3278,KOTA TASIKMALAYA,JASA,1,UNIT,2020
791,32,JAWA BARAT,3278,KOTA TASIKMALAYA,KONVEKSI,36,UNIT,2020
792,32,JAWA BARAT,3278,KOTA TASIKMALAYA,KULINER,40,UNIT,2020
793,32,JAWA BARAT,3278,KOTA TASIKMALAYA,MAKANAN,55,UNIT,2020
794,32,JAWA BARAT,3278,KOTA TASIKMALAYA,MINUMAN,9,UNIT,2020
795,32,JAWA BARAT,3278,KOTA TASIKMALAYA,OBAT-OBATAN,2,UNIT,2020
796,32,JAWA BARAT,3279,KOTA BANJAR,AGRIBISNIS,2,UNIT,2020
797,32,JAWA BARAT,3279,KOTA BANJAR,AKSESORIS,0,UNIT,2020
798,32,JAWA BARAT,3279,KOTA BANJAR,BATIK,0,UNIT,2020
799,32,JAWA BARAT,3279,KOTA BANJAR,BORDIR,1,UNIT,2020
800,32,JAWA BARAT,3279,KOTA BANJAR,CRAFT,8,UNIT,2020
801,32,JAWA BARAT,3279,KOTA BANJAR,DEKORASI,1,UNIT,2020
802,32,JAWA BARAT,3279,KOTA BANJAR,MEBEL,3,UNIT,2020
803,32,JAWA BARAT,3279,KOTA BANJAR,FASHION,6,UNIT,2020
804,32,JAWA BARAT,3279,KOTA BANJAR,INDUSTRI,8,UNIT,2020
805,32,JAWA BARAT,3279,KOTA BANJAR,JASA,12,UNIT,2020
806,32,JAWA BARAT,3279,KOTA BANJAR,KONVEKSI,4,UNIT,2020
807,32,JAWA BARAT,3279,KOTA BANJAR,KULINER,48,UNIT,2020
808,32,JAWA BARAT,3279,KOTA BANJAR,MAKANAN,36,UNIT,2020
809,32,JAWA BARAT,3279,KOTA BANJAR,MINUMAN,10,UNIT,2020
810,32,JAWA BARAT,3279,KOTA BANJAR,OBAT-OBATAN,1,UNIT,2020
811,32,JAWA BARAT,3201,KABUPATEN BOGOR,AGRIBISNIS,0,UNIT,2021
812,32,JAWA BARAT,3201,KABUPATEN BOGOR,AKSESORIS,2,UNIT,2021
813,32,JAWA BARAT,3201,KABUPATEN BOGOR,BATIK,0,UNIT,2021
814,32,JAWA BARAT,3201,KABUPATEN BOGOR,BORDIR,0,UNIT,2021
815,32,JAWA BARAT,3201,KABUPATEN BOGOR,CRAFT,11,UNIT,2021
816,32,JAWA BARAT,3201,KABUPATEN BOGOR,DEKORASI,0,UNIT,2021
817,32,JAWA BARAT,3201,KABUPATEN BOGOR,MEBEL,1,UNIT,2021
818,32,JAWA BARAT,3201,KABUPATEN BOGOR,FASHION,15,UNIT,2021
819,32,JAWA BARAT,3201,KABUPATEN BOGOR,INDUSTRI,3,UNIT,2021
820,32,JAWA BARAT,3201,KABUPATEN BOGOR,JASA,5,UNIT,2021
821,32,JAWA BARAT,3201,KABUPATEN BOGOR,KONVEKSI,0,UNIT,2021
822,32,JAWA BARAT,3201,KABUPATEN BOGOR,KULINER,2,UNIT,2021
823,32,JAWA BARAT,3201,KABUPATEN BOGOR,MAKANAN,90,UNIT,2021
824,32,JAWA BARAT,3201,KABUPATEN BOGOR,MINUMAN,15,UNIT,2021
825,32,JAWA BARAT,3201,KABUPATEN BOGOR,OBAT-OBATAN,0,UNIT,2021
826,32,JAWA BARAT,3202,KABUPATEN SUKABUMI,AGRIBISNIS,4,UNIT,2021
827,32,JAWA BARAT,3202,KABUPATEN SUKABUMI,AKSESORIS,1,UNIT,2021
828,32,JAWA BARAT,3202,KABUPATEN SUKABUMI,BATIK,0,UNIT,2021
829,32,JAWA BARAT,3202,KABUPATEN SUKABUMI,BORDIR,0,UNIT,2021
830,32,JAWA BARAT,3202,KABUPATEN SUKABUMI,CRAFT,15,UNIT,2021
831,32,JAWA BARAT,3202,KABUPATEN SUKABUMI,DEKORASI,0,UNIT,2021
832,32,JAWA BARAT,3202,KABUPATEN SUKABUMI,MEBEL,0,UNIT,2021
833,32,JAWA BARAT,3202,KABUPATEN SUKABUMI,FASHION,26,UNIT,2021
834,32,JAWA BARAT,3202,KABUPATEN SUKABUMI,INDUSTRI,17,UNIT,2021
835,32,JAWA BARAT,3202,KABUPATEN SUKABUMI,JASA,0,UNIT,2021
836,32,JAWA BARAT,3202,KABUPATEN SUKABUMI,KONVEKSI,0,UNIT,2021
837,32,JAWA BARAT,3202,KABUPATEN SUKABUMI,KULINER,6,UNIT,2021
838,32,JAWA BARAT,3202,KABUPATEN SUKABUMI,MAKANAN,68,UNIT,2021
839,32,JAWA BARAT,3202,KABUPATEN SUKABUMI,MINUMAN,7,UNIT,2021
840,32,JAWA BARAT,3202,KABUPATEN SUKABUMI,OBAT-OBATAN,0,UNIT,2021
841,32,JAWA BARAT,3203,KABUPATEN CIANJUR,AGRIBISNIS,3,UNIT,2021
842,32,JAWA BARAT,3203,KABUPATEN CIANJUR,AKSESORIS,1,UNIT,2021
843,32,JAWA BARAT,3203,KABUPATEN CIANJUR,BATIK,2,UNIT,2021
844,32,JAWA BARAT,3203,KABUPATEN CIANJUR,BORDIR,0,UNIT,2021
845,32,JAWA BARAT,3203,KABUPATEN CIANJUR,CRAFT,17,UNIT,2021
846,32,JAWA BARAT,3203,KABUPATEN CIANJUR,DEKORASI,0,UNIT,2021
847,32,JAWA BARAT,3203,KABUPATEN CIANJUR,MEBEL,0,UNIT,2021
848,32,JAWA BARAT,3203,KABUPATEN CIANJUR,FASHION,15,UNIT,2021
849,32,JAWA BARAT,3203,KABUPATEN CIANJUR,INDUSTRI,0,UNIT,2021
850,32,JAWA BARAT,3203,KABUPATEN CIANJUR,JASA,6,UNIT,2021
851,32,JAWA BARAT,3203,KABUPATEN CIANJUR,KONVEKSI,0,UNIT,2021
852,32,JAWA BARAT,3203,KABUPATEN CIANJUR,KULINER,15,UNIT,2021
853,32,JAWA BARAT,3203,KABUPATEN CIANJUR,MAKANAN,70,UNIT,2021
854,32,JAWA BARAT,3203,KABUPATEN CIANJUR,MINUMAN,15,UNIT,2021
855,32,JAWA BARAT,3203,KABUPATEN CIANJUR,OBAT-OBATAN,0,UNIT,2021
856,32,JAWA BARAT,3204,KABUPATEN BANDUNG,AGRIBISNIS,1,UNIT,2021
857,32,JAWA BARAT,3204,KABUPATEN BANDUNG,AKSESORIS,0,UNIT,2021
858,32,JAWA BARAT,3204,KABUPATEN BANDUNG,BATIK,0,UNIT,2021
859,32,JAWA BARAT,3204,KABUPATEN BANDUNG,BORDIR,0,UNIT,2021
860,32,JAWA BARAT,3204,KABUPATEN BANDUNG,CRAFT,9,UNIT,2021
861,32,JAWA BARAT,3204,KABUPATEN BANDUNG,DEKORASI,0,UNIT,2021
862,32,JAWA BARAT,3204,KABUPATEN BANDUNG,MEBEL,0,UNIT,2021
863,32,JAWA BARAT,3204,KABUPATEN BANDUNG,FASHION,16,UNIT,2021
864,32,JAWA BARAT,3204,KABUPATEN BANDUNG,INDUSTRI,1,UNIT,2021
865,32,JAWA BARAT,3204,KABUPATEN BANDUNG,JASA,2,UNIT,2021
866,32,JAWA BARAT,3204,KABUPATEN BANDUNG,KONVEKSI,0,UNIT,2021
867,32,JAWA BARAT,3204,KABUPATEN BANDUNG,KULINER,1,UNIT,2021
868,32,JAWA BARAT,3204,KABUPATEN BANDUNG,MAKANAN,108,UNIT,2021
869,32,JAWA BARAT,3204,KABUPATEN BANDUNG,MINUMAN,6,UNIT,2021
870,32,JAWA BARAT,3204,KABUPATEN BANDUNG,OBAT-OBATAN,0,UNIT,2021
871,32,JAWA BARAT,3205,KABUPATEN GARUT,AGRIBISNIS,2,UNIT,2021
872,32,JAWA BARAT,3205,KABUPATEN GARUT,AKSESORIS,2,UNIT,2021
873,32,JAWA BARAT,3205,KABUPATEN GARUT,BATIK,1,UNIT,2021
874,32,JAWA BARAT,3205,KABUPATEN GARUT,BORDIR,0,UNIT,2021
875,32,JAWA BARAT,3205,KABUPATEN GARUT,CRAFT,2,UNIT,2021
876,32,JAWA BARAT,3205,KABUPATEN GARUT,DEKORASI,0,UNIT,2021
877,32,JAWA BARAT,3205,KABUPATEN GARUT,MEBEL,1,UNIT,2021
878,32,JAWA BARAT,3205,KABUPATEN GARUT,FASHION,29,UNIT,2021
879,32,JAWA BARAT,3205,KABUPATEN GARUT,INDUSTRI,3,UNIT,2021
880,32,JAWA BARAT,3205,KABUPATEN GARUT,JASA,8,UNIT,2021
881,32,JAWA BARAT,3205,KABUPATEN GARUT,KONVEKSI,0,UNIT,2021
882,32,JAWA BARAT,3205,KABUPATEN GARUT,KULINER,35,UNIT,2021
883,32,JAWA BARAT,3205,KABUPATEN GARUT,MAKANAN,54,UNIT,2021
884,32,JAWA BARAT,3205,KABUPATEN GARUT,MINUMAN,6,UNIT,2021
885,32,JAWA BARAT,3205,KABUPATEN GARUT,OBAT-OBATAN,0,UNIT,2021
886,32,JAWA BARAT,3206,KABUPATEN TASIKMALAYA,AGRIBISNIS,5,UNIT,2021
887,32,JAWA BARAT,3206,KABUPATEN TASIKMALAYA,AKSESORIS,0,UNIT,2021
888,32,JAWA BARAT,3206,KABUPATEN TASIKMALAYA,BATIK,0,UNIT,2021
889,32,JAWA BARAT,3206,KABUPATEN TASIKMALAYA,BORDIR,0,UNIT,2021
890,32,JAWA BARAT,3206,KABUPATEN TASIKMALAYA,CRAFT,15,UNIT,2021
891,32,JAWA BARAT,3206,KABUPATEN TASIKMALAYA,DEKORASI,0,UNIT,2021
892,32,JAWA BARAT,3206,KABUPATEN TASIKMALAYA,MEBEL,0,UNIT,2021
893,32,JAWA BARAT,3206,KABUPATEN TASIKMALAYA,FASHION,14,UNIT,2021
894,32,JAWA BARAT,3206,KABUPATEN TASIKMALAYA,INDUSTRI,2,UNIT,2021
895,32,JAWA BARAT,3206,KABUPATEN TASIKMALAYA,JASA,1,UNIT,2021
896,32,JAWA BARAT,3206,KABUPATEN TASIKMALAYA,KONVEKSI,0,UNIT,2021
897,32,JAWA BARAT,3206,KABUPATEN TASIKMALAYA,KULINER,29,UNIT,2021
898,32,JAWA BARAT,3206,KABUPATEN TASIKMALAYA,MAKANAN,44,UNIT,2021
899,32,JAWA BARAT,3206,KABUPATEN TASIKMALAYA,MINUMAN,10,UNIT,2021
900,32,JAWA BARAT,3206,KABUPATEN TASIKMALAYA,OBAT-OBATAN,0,UNIT,2021
901,32,JAWA BARAT,3207,KABUPATEN CIAMIS,AGRIBISNIS,0,UNIT,2021
902,32,JAWA BARAT,3207,KABUPATEN CIAMIS,AKSESORIS,0,UNIT,2021
903,32,JAWA BARAT,3207,KABUPATEN CIAMIS,BATIK,0,UNIT,2021
904,32,JAWA BARAT,3207,KABUPATEN CIAMIS,BORDIR,0,UNIT,2021
905,32,JAWA BARAT,3207,KABUPATEN CIAMIS,CRAFT,9,UNIT,2021
906,32,JAWA BARAT,3207,KABUPATEN CIAMIS,DEKORASI,0,UNIT,2021
907,32,JAWA BARAT,3207,KABUPATEN CIAMIS,MEBEL,0,UNIT,2021
908,32,JAWA BARAT,3207,KABUPATEN CIAMIS,FASHION,6,UNIT,2021
909,32,JAWA BARAT,3207,KABUPATEN CIAMIS,INDUSTRI,0,UNIT,2021
910,32,JAWA BARAT,3207,KABUPATEN CIAMIS,JASA,1,UNIT,2021
911,32,JAWA BARAT,3207,KABUPATEN CIAMIS,KONVEKSI,0,UNIT,2021
912,32,JAWA BARAT,3207,KABUPATEN CIAMIS,KULINER,1,UNIT,2021
913,32,JAWA BARAT,3207,KABUPATEN CIAMIS,MAKANAN,123,UNIT,2021
914,32,JAWA BARAT,3207,KABUPATEN CIAMIS,MINUMAN,4,UNIT,2021
915,32,JAWA BARAT,3207,KABUPATEN CIAMIS,OBAT-OBATAN,0,UNIT,2021
916,32,JAWA BARAT,3208,KABUPATEN KUNINGAN,AGRIBISNIS,1,UNIT,2021
917,32,JAWA BARAT,3208,KABUPATEN KUNINGAN,AKSESORIS,0,UNIT,2021
918,32,JAWA BARAT,3208,KABUPATEN KUNINGAN,BATIK,0,UNIT,2021
919,32,JAWA BARAT,3208,KABUPATEN KUNINGAN,BORDIR,0,UNIT,2021
920,32,JAWA BARAT,3208,KABUPATEN KUNINGAN,CRAFT,4,UNIT,2021
921,32,JAWA BARAT,3208,KABUPATEN KUNINGAN,DEKORASI,0,UNIT,2021
922,32,JAWA BARAT,3208,KABUPATEN KUNINGAN,MEBEL,0,UNIT,2021
923,32,JAWA BARAT,3208,KABUPATEN KUNINGAN,FASHION,3,UNIT,2021
924,32,JAWA BARAT,3208,KABUPATEN KUNINGAN,INDUSTRI,0,UNIT,2021
925,32,JAWA BARAT,3208,KABUPATEN KUNINGAN,JASA,0,UNIT,2021
926,32,JAWA BARAT,3208,KABUPATEN KUNINGAN,KONVEKSI,0,UNIT,2021
927,32,JAWA BARAT,3208,KABUPATEN KUNINGAN,KULINER,36,UNIT,2021
928,32,JAWA BARAT,3208,KABUPATEN KUNINGAN,MAKANAN,89,UNIT,2021
929,32,JAWA BARAT,3208,KABUPATEN KUNINGAN,MINUMAN,10,UNIT,2021
930,32,JAWA BARAT,3208,KABUPATEN KUNINGAN,OBAT-OBATAN,0,UNIT,2021
931,32,JAWA BARAT,3209,KABUPATEN CIREBON,AGRIBISNIS,2,UNIT,2021
932,32,JAWA BARAT,3209,KABUPATEN CIREBON,AKSESORIS,3,UNIT,2021
933,32,JAWA BARAT,3209,KABUPATEN CIREBON,BATIK,1,UNIT,2021
934,32,JAWA BARAT,3209,KABUPATEN CIREBON,BORDIR,0,UNIT,2021
935,32,JAWA BARAT,3209,KABUPATEN CIREBON,CRAFT,7,UNIT,2021
936,32,JAWA BARAT,3209,KABUPATEN CIREBON,DEKORASI,0,UNIT,2021
937,32,JAWA BARAT,3209,KABUPATEN CIREBON,MEBEL,1,UNIT,2021
938,32,JAWA BARAT,3209,KABUPATEN CIREBON,FASHION,13,UNIT,2021
939,32,JAWA BARAT,3209,KABUPATEN CIREBON,INDUSTRI,5,UNIT,2021
940,32,JAWA BARAT,3209,KABUPATEN CIREBON,JASA,0,UNIT,2021
941,32,JAWA BARAT,3209,KABUPATEN CIREBON,KONVEKSI,0,UNIT,2021
942,32,JAWA BARAT,3209,KABUPATEN CIREBON,KULINER,30,UNIT,2021
943,32,JAWA BARAT,3209,KABUPATEN CIREBON,MAKANAN,72,UNIT,2021
944,32,JAWA BARAT,3209,KABUPATEN CIREBON,MINUMAN,9,UNIT,2021
945,32,JAWA BARAT,3209,KABUPATEN CIREBON,OBAT-OBATAN,0,UNIT,2021
946,32,JAWA BARAT,3210,KABUPATEN MAJALENGKA,AGRIBISNIS,1,UNIT,2021
947,32,JAWA BARAT,3210,KABUPATEN MAJALENGKA,AKSESORIS,0,UNIT,2021
948,32,JAWA BARAT,3210,KABUPATEN MAJALENGKA,BATIK,2,UNIT,2021
949,32,JAWA BARAT,3210,KABUPATEN MAJALENGKA,BORDIR,0,UNIT,2021
950,32,JAWA BARAT,3210,KABUPATEN MAJALENGKA,CRAFT,19,UNIT,2021
951,32,JAWA BARAT,3210,KABUPATEN MAJALENGKA,DEKORASI,0,UNIT,2021
952,32,JAWA BARAT,3210,KABUPATEN MAJALENGKA,MEBEL,0,UNIT,2021
953,32,JAWA BARAT,3210,KABUPATEN MAJALENGKA,FASHION,9,UNIT,2021
954,32,JAWA BARAT,3210,KABUPATEN MAJALENGKA,INDUSTRI,0,UNIT,2021
955,32,JAWA BARAT,3210,KABUPATEN MAJALENGKA,JASA,1,UNIT,2021
956,32,JAWA BARAT,3210,KABUPATEN MAJALENGKA,KONVEKSI,0,UNIT,2021
957,32,JAWA BARAT,3210,KABUPATEN MAJALENGKA,KULINER,4,UNIT,2021
958,32,JAWA BARAT,3210,KABUPATEN MAJALENGKA,MAKANAN,94,UNIT,2021
959,32,JAWA BARAT,3210,KABUPATEN MAJALENGKA,MINUMAN,13,UNIT,2021
960,32,JAWA BARAT,3210,KABUPATEN MAJALENGKA,OBAT-OBATAN,0,UNIT,2021
961,32,JAWA BARAT,3211,KABUPATEN SUMEDANG,AGRIBISNIS,2,UNIT,2021
962,32,JAWA BARAT,3211,KABUPATEN SUMEDANG,AKSESORIS,0,UNIT,2021
963,32,JAWA BARAT,3211,KABUPATEN SUMEDANG,BATIK,1,UNIT,2021
964,32,JAWA BARAT,3211,KABUPATEN SUMEDANG,BORDIR,0,UNIT,2021
965,32,JAWA BARAT,3211,KABUPATEN SUMEDANG,CRAFT,16,UNIT,2021
966,32,JAWA BARAT,3211,KABUPATEN SUMEDANG,DEKORASI,0,UNIT,2021
967,32,JAWA BARAT,3211,KABUPATEN SUMEDANG,MEBEL,1,UNIT,2021
968,32,JAWA BARAT,3211,KABUPATEN SUMEDANG,FASHION,14,UNIT,2021
969,32,JAWA BARAT,3211,KABUPATEN SUMEDANG,INDUSTRI,0,UNIT,2021
970,32,JAWA BARAT,3211,KABUPATEN SUMEDANG,JASA,0,UNIT,2021
971,32,JAWA BARAT,3211,KABUPATEN SUMEDANG,KONVEKSI,0,UNIT,2021
972,32,JAWA BARAT,3211,KABUPATEN SUMEDANG,KULINER,1,UNIT,2021
973,32,JAWA BARAT,3211,KABUPATEN SUMEDANG,MAKANAN,106,UNIT,2021
974,32,JAWA BARAT,3211,KABUPATEN SUMEDANG,MINUMAN,3,UNIT,2021
975,32,JAWA BARAT,3211,KABUPATEN SUMEDANG,OBAT-OBATAN,0,UNIT,2021
976,32,JAWA BARAT,3212,KABUPATEN INDRAMAYU,AGRIBISNIS,3,UNIT,2021
977,32,JAWA BARAT,3212,KABUPATEN INDRAMAYU,AKSESORIS,0,UNIT,2021
978,32,JAWA BARAT,3212,KABUPATEN INDRAMAYU,BATIK,0,UNIT,2021
979,32,JAWA BARAT,3212,KABUPATEN INDRAMAYU,BORDIR,0,UNIT,2021
980,32,JAWA BARAT,3212,KABUPATEN INDRAMAYU,CRAFT,16,UNIT,2021
981,32,JAWA BARAT,3212,KABUPATEN INDRAMAYU,DEKORASI,0,UNIT,2021
982,32,JAWA BARAT,3212,KABUPATEN INDRAMAYU,MEBEL,0,UNIT,2021
983,32,JAWA BARAT,3212,KABUPATEN INDRAMAYU,FASHION,6,UNIT,2021
984,32,JAWA BARAT,3212,KABUPATEN INDRAMAYU,INDUSTRI,2,UNIT,2021
985,32,JAWA BARAT,3212,KABUPATEN INDRAMAYU,JASA,7,UNIT,2021
986,32,JAWA BARAT,3212,KABUPATEN INDRAMAYU,KONVEKSI,0,UNIT,2021
987,32,JAWA BARAT,3212,KABUPATEN INDRAMAYU,KULINER,13,UNIT,2021
988,32,JAWA BARAT,3212,KABUPATEN INDRAMAYU,MAKANAN,62,UNIT,2021
989,32,JAWA BARAT,3212,KABUPATEN INDRAMAYU,MINUMAN,11,UNIT,2021
990,32,JAWA BARAT,3212,KABUPATEN INDRAMAYU,OBAT-OBATAN,0,UNIT,2021
991,32,JAWA BARAT,3213,KABUPATEN SUBANG,AGRIBISNIS,8,UNIT,2021
992,32,JAWA BARAT,3213,KABUPATEN SUBANG,AKSESORIS,0,UNIT,2021
993,32,JAWA BARAT,3213,KABUPATEN SUBANG,BATIK,0,UNIT,2021
994,32,JAWA BARAT,3213,KABUPATEN SUBANG,BORDIR,0,UNIT,2021
995,32,JAWA BARAT,3213,KABUPATEN SUBANG,CRAFT,14,UNIT,2021
996,32,JAWA BARAT,3213,KABUPATEN SUBANG,DEKORASI,0,UNIT,2021
997,32,JAWA BARAT,3213,KABUPATEN SUBANG,MEBEL,0,UNIT,2021
998,32,JAWA BARAT,3213,KABUPATEN SUBANG,FASHION,12,UNIT,2021
999,32,JAWA BARAT,3213,KABUPATEN SUBANG,INDUSTRI,22,UNIT,2021
1000,32,JAWA BARAT,3213,KABUPATEN SUBANG,JASA,4,UNIT,2021
1001,32,JAWA BARAT,3213,KABUPATEN SUBANG,KONVEKSI,0,UNIT,2021
1002,32,JAWA BARAT,3213,KABUPATEN SUBANG,KULINER,47,UNIT,2021
1003,32,JAWA BARAT,3213,KABUPATEN SUBANG,MAKANAN,31,UNIT,2021
1004,32,JAWA BARAT,3213,KABUPATEN SUBANG,MINUMAN,6,UNIT,2021
1005,32,JAWA BARAT,3213,KABUPATEN SUBANG,OBAT-OBATAN,0,UNIT,2021
1006,32,JAWA BARAT,3214,KABUPATEN PURWAKARTA,AGRIBISNIS,8,UNIT,2021
1007,32,JAWA BARAT,3214,KABUPATEN PURWAKARTA,AKSESORIS,0,UNIT,2021
1008,32,JAWA BARAT,3214,KABUPATEN PURWAKARTA,BATIK,2,UNIT,2021
1009,32,JAWA BARAT,3214,KABUPATEN PURWAKARTA,BORDIR,0,UNIT,2021
1010,32,JAWA BARAT,3214,KABUPATEN PURWAKARTA,CRAFT,11,UNIT,2021
1011,32,JAWA BARAT,3214,KABUPATEN PURWAKARTA,DEKORASI,0,UNIT,2021
1012,32,JAWA BARAT,3214,KABUPATEN PURWAKARTA,MEBEL,0,UNIT,2021
1013,32,JAWA BARAT,3214,KABUPATEN PURWAKARTA,FASHION,5,UNIT,2021
1014,32,JAWA BARAT,3214,KABUPATEN PURWAKARTA,INDUSTRI,7,UNIT,2021
1015,32,JAWA BARAT,3214,KABUPATEN PURWAKARTA,JASA,10,UNIT,2021
1016,32,JAWA BARAT,3214,KABUPATEN PURWAKARTA,KONVEKSI,0,UNIT,2021
1017,32,JAWA BARAT,3214,KABUPATEN PURWAKARTA,KULINER,14,UNIT,2021
1018,32,JAWA BARAT,3214,KABUPATEN PURWAKARTA,MAKANAN,56,UNIT,2021
1019,32,JAWA BARAT,3214,KABUPATEN PURWAKARTA,MINUMAN,7,UNIT,2021
1020,32,JAWA BARAT,3214,KABUPATEN PURWAKARTA,OBAT-OBATAN,7,UNIT,2021
1021,32,JAWA BARAT,3215,KABUPATEN KARAWANG,AGRIBISNIS,0,UNIT,2021
1022,32,JAWA BARAT,3215,KABUPATEN KARAWANG,AKSESORIS,0,UNIT,2021
1023,32,JAWA BARAT,3215,KABUPATEN KARAWANG,BATIK,0,UNIT,2021
1024,32,JAWA BARAT,3215,KABUPATEN KARAWANG,BORDIR,0,UNIT,2021
1025,32,JAWA BARAT,3215,KABUPATEN KARAWANG,CRAFT,11,UNIT,2021
1026,32,JAWA BARAT,3215,KABUPATEN KARAWANG,DEKORASI,0,UNIT,2021
1027,32,JAWA BARAT,3215,KABUPATEN KARAWANG,MEBEL,1,UNIT,2021
1028,32,JAWA BARAT,3215,KABUPATEN KARAWANG,FASHION,7,UNIT,2021
1029,32,JAWA BARAT,3215,KABUPATEN KARAWANG,INDUSTRI,0,UNIT,2021
1030,32,JAWA BARAT,3215,KABUPATEN KARAWANG,JASA,6,UNIT,2021
1031,32,JAWA BARAT,3215,KABUPATEN KARAWANG,KONVEKSI,0,UNIT,2021
1032,32,JAWA BARAT,3215,KABUPATEN KARAWANG,KULINER,3,UNIT,2021
1033,32,JAWA BARAT,3215,KABUPATEN KARAWANG,MAKANAN,106,UNIT,2021
1034,32,JAWA BARAT,3215,KABUPATEN KARAWANG,MINUMAN,12,UNIT,2021
1035,32,JAWA BARAT,3215,KABUPATEN KARAWANG,OBAT-OBATAN,0,UNIT,2021
1036,32,JAWA BARAT,3216,KABUPATEN BEKASI,AGRIBISNIS,2,UNIT,2021
1037,32,JAWA BARAT,3216,KABUPATEN BEKASI,AKSESORIS,1,UNIT,2021
1038,32,JAWA BARAT,3216,KABUPATEN BEKASI,BATIK,3,UNIT,2021
1039,32,JAWA BARAT,3216,KABUPATEN BEKASI,BORDIR,0,UNIT,2021
1040,32,JAWA BARAT,3216,KABUPATEN BEKASI,CRAFT,11,UNIT,2021
1041,32,JAWA BARAT,3216,KABUPATEN BEKASI,DEKORASI,0,UNIT,2021
1042,32,JAWA BARAT,3216,KABUPATEN BEKASI,MEBEL,0,UNIT,2021
1043,32,JAWA BARAT,3216,KABUPATEN BEKASI,FASHION,7,UNIT,2021
1044,32,JAWA BARAT,3216,KABUPATEN BEKASI,INDUSTRI,0,UNIT,2021
1045,32,JAWA BARAT,3216,KABUPATEN BEKASI,JASA,0,UNIT,2021
1046,32,JAWA BARAT,3216,KABUPATEN BEKASI,KONVEKSI,0,UNIT,2021
1047,32,JAWA BARAT,3216,KABUPATEN BEKASI,KULINER,22,UNIT,2021
1048,32,JAWA BARAT,3216,KABUPATEN BEKASI,MAKANAN,91,UNIT,2021
1049,32,JAWA BARAT,3216,KABUPATEN BEKASI,MINUMAN,7,UNIT,2021
1050,32,JAWA BARAT,3216,KABUPATEN BEKASI,OBAT-OBATAN,0,UNIT,2021
1051,32,JAWA BARAT,3217,KABUPATEN BANDUNG BARAT,AGRIBISNIS,4,UNIT,2021
1052,32,JAWA BARAT,3217,KABUPATEN BANDUNG BARAT,AKSESORIS,0,UNIT,2021
1053,32,JAWA BARAT,3217,KABUPATEN BANDUNG BARAT,BATIK,0,UNIT,2021
1054,32,JAWA BARAT,3217,KABUPATEN BANDUNG BARAT,BORDIR,0,UNIT,2021
1055,32,JAWA BARAT,3217,KABUPATEN BANDUNG BARAT,CRAFT,16,UNIT,2021
1056,32,JAWA BARAT,3217,KABUPATEN BANDUNG BARAT,DEKORASI,0,UNIT,2021
1057,32,JAWA BARAT,3217,KABUPATEN BANDUNG BARAT,MEBEL,0,UNIT,2021
1058,32,JAWA BARAT,3217,KABUPATEN BANDUNG BARAT,FASHION,27,UNIT,2021
1059,32,JAWA BARAT,3217,KABUPATEN BANDUNG BARAT,INDUSTRI,1,UNIT,2021
1060,32,JAWA BARAT,3217,KABUPATEN BANDUNG BARAT,JASA,10,UNIT,2021
1061,32,JAWA BARAT,3217,KABUPATEN BANDUNG BARAT,KONVEKSI,0,UNIT,2021
1062,32,JAWA BARAT,3217,KABUPATEN BANDUNG BARAT,KULINER,22,UNIT,2021
1063,32,JAWA BARAT,3217,KABUPATEN BANDUNG BARAT,MAKANAN,53,UNIT,2021
1064,32,JAWA BARAT,3217,KABUPATEN BANDUNG BARAT,MINUMAN,11,UNIT,2021
1065,32,JAWA BARAT,3217,KABUPATEN BANDUNG BARAT,OBAT-OBATAN,0,UNIT,2021
1066,32,JAWA BARAT,3218,KABUPATEN PANGANDARAN,AGRIBISNIS,0,UNIT,2021
1067,32,JAWA BARAT,3218,KABUPATEN PANGANDARAN,AKSESORIS,0,UNIT,2021
1068,32,JAWA BARAT,3218,KABUPATEN PANGANDARAN,BATIK,6,UNIT,2021
1069,32,JAWA BARAT,3218,KABUPATEN PANGANDARAN,BORDIR,0,UNIT,2021
1070,32,JAWA BARAT,3218,KABUPATEN PANGANDARAN,CRAFT,10,UNIT,2021
1071,32,JAWA BARAT,3218,KABUPATEN PANGANDARAN,DEKORASI,0,UNIT,2021
1072,32,JAWA BARAT,3218,KABUPATEN PANGANDARAN,MEBEL,0,UNIT,2021
1073,32,JAWA BARAT,3218,KABUPATEN PANGANDARAN,FASHION,12,UNIT,2021
1074,32,JAWA BARAT,3218,KABUPATEN PANGANDARAN,INDUSTRI,0,UNIT,2021
1075,32,JAWA BARAT,3218,KABUPATEN PANGANDARAN,JASA,1,UNIT,2021
1076,32,JAWA BARAT,3218,KABUPATEN PANGANDARAN,KONVEKSI,0,UNIT,2021
1077,32,JAWA BARAT,3218,KABUPATEN PANGANDARAN,KULINER,19,UNIT,2021
1078,32,JAWA BARAT,3218,KABUPATEN PANGANDARAN,MAKANAN,50,UNIT,2021
1079,32,JAWA BARAT,3218,KABUPATEN PANGANDARAN,MINUMAN,22,UNIT,2021
1080,32,JAWA BARAT,3218,KABUPATEN PANGANDARAN,OBAT-OBATAN,0,UNIT,2021
1081,32,JAWA BARAT,3271,KOTA BOGOR,AGRIBISNIS,1,UNIT,2021
1082,32,JAWA BARAT,3271,KOTA BOGOR,AKSESORIS,0,UNIT,2021
1083,32,JAWA BARAT,3271,KOTA BOGOR,BATIK,0,UNIT,2021
1084,32,JAWA BARAT,3271,KOTA BOGOR,BORDIR,0,UNIT,2021
1085,32,JAWA BARAT,3271,KOTA BOGOR,CRAFT,5,UNIT,2021
1086,32,JAWA BARAT,3271,KOTA BOGOR,DEKORASI,0,UNIT,2021
1087,32,JAWA BARAT,3271,KOTA BOGOR,MEBEL,0,UNIT,2021
1088,32,JAWA BARAT,3271,KOTA BOGOR,FASHION,7,UNIT,2021
1089,32,JAWA BARAT,3271,KOTA BOGOR,INDUSTRI,2,UNIT,2021
1090,32,JAWA BARAT,3271,KOTA BOGOR,JASA,3,UNIT,2021
1091,32,JAWA BARAT,3271,KOTA BOGOR,KONVEKSI,0,UNIT,2021
1092,32,JAWA BARAT,3271,KOTA BOGOR,KULINER,50,UNIT,2021
1093,32,JAWA BARAT,3271,KOTA BOGOR,MAKANAN,50,UNIT,2021
1094,32,JAWA BARAT,3271,KOTA BOGOR,MINUMAN,2,UNIT,2021
1095,32,JAWA BARAT,3271,KOTA BOGOR,OBAT-OBATAN,0,UNIT,2021
1096,32,JAWA BARAT,3272,KOTA SUKABUMI,AGRIBISNIS,2,UNIT,2021
1097,32,JAWA BARAT,3272,KOTA SUKABUMI,AKSESORIS,0,UNIT,2021
1098,32,JAWA BARAT,3272,KOTA SUKABUMI,BATIK,0,UNIT,2021
1099,32,JAWA BARAT,3272,KOTA SUKABUMI,BORDIR,0,UNIT,2021
1100,32,JAWA BARAT,3272,KOTA SUKABUMI,CRAFT,13,UNIT,2021
1101,32,JAWA BARAT,3272,KOTA SUKABUMI,DEKORASI,0,UNIT,2021
1102,32,JAWA BARAT,3272,KOTA SUKABUMI,MEBEL,0,UNIT,2021
1103,32,JAWA BARAT,3272,KOTA SUKABUMI,FASHION,6,UNIT,2021
1104,32,JAWA BARAT,3272,KOTA SUKABUMI,INDUSTRI,2,UNIT,2021
1105,32,JAWA BARAT,3272,KOTA SUKABUMI,JASA,1,UNIT,2021
1106,32,JAWA BARAT,3272,KOTA SUKABUMI,KONVEKSI,0,UNIT,2021
1107,32,JAWA BARAT,3272,KOTA SUKABUMI,KULINER,43,UNIT,2021
1108,32,JAWA BARAT,3272,KOTA SUKABUMI,MAKANAN,50,UNIT,2021
1109,32,JAWA BARAT,3272,KOTA SUKABUMI,MINUMAN,3,UNIT,2021
1110,32,JAWA BARAT,3272,KOTA SUKABUMI,OBAT-OBATAN,0,UNIT,2021
1111,32,JAWA BARAT,3273,KOTA BANDUNG,AGRIBISNIS,0,UNIT,2021
1112,32,JAWA BARAT,3273,KOTA BANDUNG,AKSESORIS,1,UNIT,2021
1113,32,JAWA BARAT,3273,KOTA BANDUNG,BATIK,2,UNIT,2021
1114,32,JAWA BARAT,3273,KOTA BANDUNG,BORDIR,0,UNIT,2021
1115,32,JAWA BARAT,3273,KOTA BANDUNG,CRAFT,15,UNIT,2021
1116,32,JAWA BARAT,3273,KOTA BANDUNG,DEKORASI,0,UNIT,2021
1117,32,JAWA BARAT,3273,KOTA BANDUNG,MEBEL,0,UNIT,2021
1118,32,JAWA BARAT,3273,KOTA BANDUNG,FASHION,40,UNIT,2021
1119,32,JAWA BARAT,3273,KOTA BANDUNG,INDUSTRI,2,UNIT,2021
1120,32,JAWA BARAT,3273,KOTA BANDUNG,JASA,8,UNIT,2021
1121,32,JAWA BARAT,3273,KOTA BANDUNG,KONVEKSI,0,UNIT,2021
1122,32,JAWA BARAT,3273,KOTA BANDUNG,KULINER,56,UNIT,2021
1123,32,JAWA BARAT,3273,KOTA BANDUNG,MAKANAN,17,UNIT,2021
1124,32,JAWA BARAT,3273,KOTA BANDUNG,MINUMAN,4,UNIT,2021
1125,32,JAWA BARAT,3273,KOTA BANDUNG,OBAT-OBATAN,0,UNIT,2021
1126,32,JAWA BARAT,3274,KOTA CIREBON,AGRIBISNIS,1,UNIT,2021
1127,32,JAWA BARAT,3274,KOTA CIREBON,AKSESORIS,1,UNIT,2021
1128,32,JAWA BARAT,3274,KOTA CIREBON,BATIK,5,UNIT,2021
1129,32,JAWA BARAT,3274,KOTA CIREBON,BORDIR,0,UNIT,2021
1130,32,JAWA BARAT,3274,KOTA CIREBON,CRAFT,14,UNIT,2021
1131,32,JAWA BARAT,3274,KOTA CIREBON,DEKORASI,0,UNIT,2021
1132,32,JAWA BARAT,3274,KOTA CIREBON,MEBEL,0,UNIT,2021
1133,32,JAWA BARAT,3274,KOTA CIREBON,FASHION,8,UNIT,2021
1134,32,JAWA BARAT,3274,KOTA CIREBON,INDUSTRI,1,UNIT,2021
1135,32,JAWA BARAT,3274,KOTA CIREBON,JASA,1,UNIT,2021
1136,32,JAWA BARAT,3274,KOTA CIREBON,KONVEKSI,0,UNIT,2021
1137,32,JAWA BARAT,3274,KOTA CIREBON,KULINER,0,UNIT,2021
1138,32,JAWA BARAT,3274,KOTA CIREBON,MAKANAN,77,UNIT,2021
1139,32,JAWA BARAT,3274,KOTA CIREBON,MINUMAN,12,UNIT,2021
1140,32,JAWA BARAT,3274,KOTA CIREBON,OBAT-OBATAN,0,UNIT,2021
1141,32,JAWA BARAT,3275,KOTA BEKASI,AGRIBISNIS,2,UNIT,2021
1142,32,JAWA BARAT,3275,KOTA BEKASI,AKSESORIS,1,UNIT,2021
1143,32,JAWA BARAT,3275,KOTA BEKASI,BATIK,3,UNIT,2021
1144,32,JAWA BARAT,3275,KOTA BEKASI,BORDIR,0,UNIT,2021
1145,32,JAWA BARAT,3275,KOTA BEKASI,CRAFT,13,UNIT,2021
1146,32,JAWA BARAT,3275,KOTA BEKASI,DEKORASI,0,UNIT,2021
1147,32,JAWA BARAT,3275,KOTA BEKASI,MEBEL,0,UNIT,2021
1148,32,JAWA BARAT,3275,KOTA BEKASI,FASHION,16,UNIT,2021
1149,32,JAWA BARAT,3275,KOTA BEKASI,INDUSTRI,2,UNIT,2021
1150,32,JAWA BARAT,3275,KOTA BEKASI,JASA,6,UNIT,2021
1151,32,JAWA BARAT,3275,KOTA BEKASI,KONVEKSI,0,UNIT,2021
1152,32,JAWA BARAT,3275,KOTA BEKASI,KULINER,8,UNIT,2021
1153,32,JAWA BARAT,3275,KOTA BEKASI,MAKANAN,56,UNIT,2021
1154,32,JAWA BARAT,3275,KOTA BEKASI,MINUMAN,13,UNIT,2021
1155,32,JAWA BARAT,3275,KOTA BEKASI,OBAT-OBATAN,0,UNIT,2021
1156,32,JAWA BARAT,3276,KOTA DEPOK,AGRIBISNIS,0,UNIT,2021
1157,32,JAWA BARAT,3276,KOTA DEPOK,AKSESORIS,0,UNIT,2021
1158,32,JAWA BARAT,3276,KOTA DEPOK,BATIK,0,UNIT,2021
1159,32,JAWA BARAT,3276,KOTA DEPOK,BORDIR,0,UNIT,2021
1160,32,JAWA BARAT,3276,KOTA DEPOK,CRAFT,4,UNIT,2021
1161,32,JAWA BARAT,3276,KOTA DEPOK,DEKORASI,0,UNIT,2021
1162,32,JAWA BARAT,3276,KOTA DEPOK,MEBEL,0,UNIT,2021
1163,32,JAWA BARAT,3276,KOTA DEPOK,FASHION,4,UNIT,2021
1164,32,JAWA BARAT,3276,KOTA DEPOK,INDUSTRI,1,UNIT,2021
1165,32,JAWA BARAT,3276,KOTA DEPOK,JASA,0,UNIT,2021
1166,32,JAWA BARAT,3276,KOTA DEPOK,KONVEKSI,0,UNIT,2021
1167,32,JAWA BARAT,3276,KOTA DEPOK,KULINER,24,UNIT,2021
1168,32,JAWA BARAT,3276,KOTA DEPOK,MAKANAN,76,UNIT,2021
1169,32,JAWA BARAT,3276,KOTA DEPOK,MINUMAN,11,UNIT,2021
1170,32,JAWA BARAT,3276,KOTA DEPOK,OBAT-OBATAN,0,UNIT,2021
1171,32,JAWA BARAT,3277,KOTA CIMAHI,AGRIBISNIS,0,UNIT,2021
1172,32,JAWA BARAT,3277,KOTA CIMAHI,AKSESORIS,0,UNIT,2021
1173,32,JAWA BARAT,3277,KOTA CIMAHI,BATIK,0,UNIT,2021
1174,32,JAWA BARAT,3277,KOTA CIMAHI,BORDIR,0,UNIT,2021
1175,32,JAWA BARAT,3277,KOTA CIMAHI,CRAFT,10,UNIT,2021
1176,32,JAWA BARAT,3277,KOTA CIMAHI,DEKORASI,0,UNIT,2021
1177,32,JAWA BARAT,3277,KOTA CIMAHI,MEBEL,0,UNIT,2021
1178,32,JAWA BARAT,3277,KOTA CIMAHI,FASHION,20,UNIT,2021
1179,32,JAWA BARAT,3277,KOTA CIMAHI,INDUSTRI,9,UNIT,2021
1180,32,JAWA BARAT,3277,KOTA CIMAHI,JASA,4,UNIT,2021
1181,32,JAWA BARAT,3277,KOTA CIMAHI,KONVEKSI,0,UNIT,2021
1182,32,JAWA BARAT,3277,KOTA CIMAHI,KULINER,41,UNIT,2021
1183,32,JAWA BARAT,3277,KOTA CIMAHI,MAKANAN,34,UNIT,2021
1184,32,JAWA BARAT,3277,KOTA CIMAHI,MINUMAN,2,UNIT,2021
1185,32,JAWA BARAT,3277,KOTA CIMAHI,OBAT-OBATAN,0,UNIT,2021
1186,32,JAWA BARAT,3278,KOTA TASIKMALAYA,AGRIBISNIS,2,UNIT,2021
1187,32,JAWA BARAT,3278,KOTA TASIKMALAYA,AKSESORIS,0,UNIT,2021
1188,32,JAWA BARAT,3278,KOTA TASIKMALAYA,BATIK,3,UNIT,2021
1189,32,JAWA BARAT,3278,KOTA TASIKMALAYA,BORDIR,0,UNIT,2021
1190,32,JAWA BARAT,3278,KOTA TASIKMALAYA,CRAFT,15,UNIT,2021
1191,32,JAWA BARAT,3278,KOTA TASIKMALAYA,DEKORASI,0,UNIT,2021
1192,32,JAWA BARAT,3278,KOTA TASIKMALAYA,MEBEL,0,UNIT,2021
1193,32,JAWA BARAT,3278,KOTA TASIKMALAYA,FASHION,34,UNIT,2021
1194,32,JAWA BARAT,3278,KOTA TASIKMALAYA,INDUSTRI,1,UNIT,2021
1195,32,JAWA BARAT,3278,KOTA TASIKMALAYA,JASA,1,UNIT,2021
1196,32,JAWA BARAT,3278,KOTA TASIKMALAYA,KONVEKSI,0,UNIT,2021
1197,32,JAWA BARAT,3278,KOTA TASIKMALAYA,KULINER,1,UNIT,2021
1198,32,JAWA BARAT,3278,KOTA TASIKMALAYA,MAKANAN,55,UNIT,2021
1199,32,JAWA BARAT,3278,KOTA TASIKMALAYA,MINUMAN,8,UNIT,2021
1200,32,JAWA BARAT,3278,KOTA TASIKMALAYA,OBAT-OBATAN,0,UNIT,2021
1201,32,JAWA BARAT,3279,KOTA BANJAR,AGRIBISNIS,1,UNIT,2021
1202,32,JAWA BARAT,3279,KOTA BANJAR,AKSESORIS,0,UNIT,2021
1203,32,JAWA BARAT,3279,KOTA BANJAR,BATIK,0,UNIT,2021
1204,32,JAWA BARAT,3279,KOTA BANJAR,BORDIR,0,UNIT,2021
1205,32,JAWA BARAT,3279,KOTA BANJAR,CRAFT,9,UNIT,2021
1206,32,JAWA BARAT,3279,KOTA BANJAR,DEKORASI,2,UNIT,2021
1207,32,JAWA BARAT,3279,KOTA BANJAR,MEBEL,3,UNIT,2021
1208,32,JAWA BARAT,3279,KOTA BANJAR,FASHION,9,UNIT,2021
1209,32,JAWA BARAT,3279,KOTA BANJAR,INDUSTRI,5,UNIT,2021
1210,32,JAWA BARAT,3279,KOTA BANJAR,JASA,9,UNIT,2021
1211,32,JAWA BARAT,3279,KOTA BANJAR,KONVEKSI,0,UNIT,2021
1212,32,JAWA BARAT,3279,KOTA BANJAR,KULINER,4,UNIT,2021
1213,32,JAWA BARAT,3279,KOTA BANJAR,MAKANAN,64,UNIT,2021
1214,32,JAWA BARAT,3279,KOTA BANJAR,MINUMAN,14,UNIT,2021
1215,32,JAWA BARAT,3279,KOTA BANJAR,OBAT-OBATAN,0,UNIT,2021
1216,32,JAWA BARAT,3201,KABUPATEN BOGOR,AGRIBISNIS,4,UNIT,2022
1217,32,JAWA BARAT,3201,KABUPATEN BOGOR,AKSESORIS,0,UNIT,2022
1218,32,JAWA BARAT,3201,KABUPATEN BOGOR,BATIK,22,UNIT,2022
1219,32,JAWA BARAT,3201,KABUPATEN BOGOR,BORDIR,3,UNIT,2022
1220,32,JAWA BARAT,3201,KABUPATEN BOGOR,CRAFT,7,UNIT,2022
1221,32,JAWA BARAT,3201,KABUPATEN BOGOR,DEKORASI,0,UNIT,2022
1222,32,JAWA BARAT,3201,KABUPATEN BOGOR,MEBEL,1,UNIT,2022
1223,32,JAWA BARAT,3201,KABUPATEN BOGOR,FASHION,19,UNIT,2022
1224,32,JAWA BARAT,3201,KABUPATEN BOGOR,INDUSTRI,5,UNIT,2022
1225,32,JAWA BARAT,3201,KABUPATEN BOGOR,JASA,1,UNIT,2022
1226,32,JAWA BARAT,3201,KABUPATEN BOGOR,KONVEKSI,0,UNIT,2022
1227,32,JAWA BARAT,3201,KABUPATEN BOGOR,KULINER,10,UNIT,2022
1228,32,JAWA BARAT,3201,KABUPATEN BOGOR,MAKANAN,98,UNIT,2022
1229,32,JAWA BARAT,3201,KABUPATEN BOGOR,MINUMAN,9,UNIT,2022
1230,32,JAWA BARAT,3201,KABUPATEN BOGOR,OBAT-OBATAN,0,UNIT,2022
1231,32,JAWA BARAT,3202,KABUPATEN SUKABUMI,AGRIBISNIS,3,UNIT,2022
1232,32,JAWA BARAT,3202,KABUPATEN SUKABUMI,AKSESORIS,0,UNIT,2022
1233,32,JAWA BARAT,3202,KABUPATEN SUKABUMI,BATIK,0,UNIT,2022
1234,32,JAWA BARAT,3202,KABUPATEN SUKABUMI,BORDIR,0,UNIT,2022
1235,32,JAWA BARAT,3202,KABUPATEN SUKABUMI,CRAFT,18,UNIT,2022
1236,32,JAWA BARAT,3202,KABUPATEN SUKABUMI,DEKORASI,0,UNIT,2022
1237,32,JAWA BARAT,3202,KABUPATEN SUKABUMI,MEBEL,2,UNIT,2022
1238,32,JAWA BARAT,3202,KABUPATEN SUKABUMI,FASHION,7,UNIT,2022
1239,32,JAWA BARAT,3202,KABUPATEN SUKABUMI,INDUSTRI,3,UNIT,2022
1240,32,JAWA BARAT,3202,KABUPATEN SUKABUMI,JASA,1,UNIT,2022
1241,32,JAWA BARAT,3202,KABUPATEN SUKABUMI,KONVEKSI,1,UNIT,2022
1242,32,JAWA BARAT,3202,KABUPATEN SUKABUMI,KULINER,12,UNIT,2022
1243,32,JAWA BARAT,3202,KABUPATEN SUKABUMI,MAKANAN,93,UNIT,2022
1244,32,JAWA BARAT,3202,KABUPATEN SUKABUMI,MINUMAN,9,UNIT,2022
1245,32,JAWA BARAT,3202,KABUPATEN SUKABUMI,OBAT-OBATAN,0,UNIT,2022
1246,32,JAWA BARAT,3203,KABUPATEN CIANJUR,AGRIBISNIS,7,UNIT,2022
1247,32,JAWA BARAT,3203,KABUPATEN CIANJUR,AKSESORIS,0,UNIT,2022
1248,32,JAWA BARAT,3203,KABUPATEN CIANJUR,BATIK,0,UNIT,2022
1249,32,JAWA BARAT,3203,KABUPATEN CIANJUR,BORDIR,0,UNIT,2022
1250,32,JAWA BARAT,3203,KABUPATEN CIANJUR,CRAFT,10,UNIT,2022
1251,32,JAWA BARAT,3203,KABUPATEN CIANJUR,DEKORASI,0,UNIT,2022
1252,32,JAWA BARAT,3203,KABUPATEN CIANJUR,MEBEL,0,UNIT,2022
1253,32,JAWA BARAT,3203,KABUPATEN CIANJUR,FASHION,8,UNIT,2022
1254,32,JAWA BARAT,3203,KABUPATEN CIANJUR,INDUSTRI,2,UNIT,2022
1255,32,JAWA BARAT,3203,KABUPATEN CIANJUR,JASA,3,UNIT,2022
1256,32,JAWA BARAT,3203,KABUPATEN CIANJUR,KONVEKSI,2,UNIT,2022
1257,32,JAWA BARAT,3203,KABUPATEN CIANJUR,KULINER,19,UNIT,2022
1258,32,JAWA BARAT,3203,KABUPATEN CIANJUR,MAKANAN,84,UNIT,2022
1259,32,JAWA BARAT,3203,KABUPATEN CIANJUR,MINUMAN,11,UNIT,2022
1260,32,JAWA BARAT,3203,KABUPATEN CIANJUR,OBAT-OBATAN,0,UNIT,2022
1261,32,JAWA BARAT,3204,KABUPATEN BANDUNG,AGRIBISNIS,3,UNIT,2022
1262,32,JAWA BARAT,3204,KABUPATEN BANDUNG,AKSESORIS,0,UNIT,2022
1263,32,JAWA BARAT,3204,KABUPATEN BANDUNG,BATIK,0,UNIT,2022
1264,32,JAWA BARAT,3204,KABUPATEN BANDUNG,BORDIR,0,UNIT,2022
1265,32,JAWA BARAT,3204,KABUPATEN BANDUNG,CRAFT,7,UNIT,2022
1266,32,JAWA BARAT,3204,KABUPATEN BANDUNG,DEKORASI,0,UNIT,2022
1267,32,JAWA BARAT,3204,KABUPATEN BANDUNG,MEBEL,0,UNIT,2022
1268,32,JAWA BARAT,3204,KABUPATEN BANDUNG,FASHION,20,UNIT,2022
1269,32,JAWA BARAT,3204,KABUPATEN BANDUNG,INDUSTRI,4,UNIT,2022
1270,32,JAWA BARAT,3204,KABUPATEN BANDUNG,JASA,3,UNIT,2022
1271,32,JAWA BARAT,3204,KABUPATEN BANDUNG,KONVEKSI,3,UNIT,2022
1272,32,JAWA BARAT,3204,KABUPATEN BANDUNG,KULINER,16,UNIT,2022
1273,32,JAWA BARAT,3204,KABUPATEN BANDUNG,MAKANAN,92,UNIT,2022
1274,32,JAWA BARAT,3204,KABUPATEN BANDUNG,MINUMAN,14,UNIT,2022
1275,32,JAWA BARAT,3204,KABUPATEN BANDUNG,OBAT-OBATAN,0,UNIT,2022
1276,32,JAWA BARAT,3205,KABUPATEN GARUT,AGRIBISNIS,2,UNIT,2022
1277,32,JAWA BARAT,3205,KABUPATEN GARUT,AKSESORIS,0,UNIT,2022
1278,32,JAWA BARAT,3205,KABUPATEN GARUT,BATIK,0,UNIT,2022
1279,32,JAWA BARAT,3205,KABUPATEN GARUT,BORDIR,0,UNIT,2022
1280,32,JAWA BARAT,3205,KABUPATEN GARUT,CRAFT,7,UNIT,2022
1281,32,JAWA BARAT,3205,KABUPATEN GARUT,DEKORASI,0,UNIT,2022
1282,32,JAWA BARAT,3205,KABUPATEN GARUT,MEBEL,2,UNIT,2022
1283,32,JAWA BARAT,3205,KABUPATEN GARUT,FASHION,16,UNIT,2022
1284,32,JAWA BARAT,3205,KABUPATEN GARUT,INDUSTRI,6,UNIT,2022
1285,32,JAWA BARAT,3205,KABUPATEN GARUT,JASA,18,UNIT,2022
1286,32,JAWA BARAT,3205,KABUPATEN GARUT,KONVEKSI,7,UNIT,2022
1287,32,JAWA BARAT,3205,KABUPATEN GARUT,KULINER,1,UNIT,2022
1288,32,JAWA BARAT,3205,KABUPATEN GARUT,MAKANAN,81,UNIT,2022
1289,32,JAWA BARAT,3205,KABUPATEN GARUT,MINUMAN,19,UNIT,2022
1290,32,JAWA BARAT,3205,KABUPATEN GARUT,OBAT-OBATAN,2,UNIT,2022
1291,32,JAWA BARAT,3206,KABUPATEN TASIKMALAYA,AGRIBISNIS,1,UNIT,2022
1292,32,JAWA BARAT,3206,KABUPATEN TASIKMALAYA,AKSESORIS,0,UNIT,2022
1293,32,JAWA BARAT,3206,KABUPATEN TASIKMALAYA,BATIK,0,UNIT,2022
1294,32,JAWA BARAT,3206,KABUPATEN TASIKMALAYA,BORDIR,0,UNIT,2022
1295,32,JAWA BARAT,3206,KABUPATEN TASIKMALAYA,CRAFT,12,UNIT,2022
1296,32,JAWA BARAT,3206,KABUPATEN TASIKMALAYA,DEKORASI,0,UNIT,2022
1297,32,JAWA BARAT,3206,KABUPATEN TASIKMALAYA,MEBEL,0,UNIT,2022
1298,32,JAWA BARAT,3206,KABUPATEN TASIKMALAYA,FASHION,10,UNIT,2022
1299,32,JAWA BARAT,3206,KABUPATEN TASIKMALAYA,INDUSTRI,0,UNIT,2022
1300,32,JAWA BARAT,3206,KABUPATEN TASIKMALAYA,JASA,0,UNIT,2022
1301,32,JAWA BARAT,3206,KABUPATEN TASIKMALAYA,KONVEKSI,10,UNIT,2022
1302,32,JAWA BARAT,3206,KABUPATEN TASIKMALAYA,KULINER,0,UNIT,2022
1303,32,JAWA BARAT,3206,KABUPATEN TASIKMALAYA,MAKANAN,87,UNIT,2022
1304,32,JAWA BARAT,3206,KABUPATEN TASIKMALAYA,MINUMAN,8,UNIT,2022
1305,32,JAWA BARAT,3206,KABUPATEN TASIKMALAYA,OBAT-OBATAN,0,UNIT,2022
1306,32,JAWA BARAT,3207,KABUPATEN CIAMIS,AGRIBISNIS,0,UNIT,2022
1307,32,JAWA BARAT,3207,KABUPATEN CIAMIS,AKSESORIS,0,UNIT,2022
1308,32,JAWA BARAT,3207,KABUPATEN CIAMIS,BATIK,0,UNIT,2022
1309,32,JAWA BARAT,3207,KABUPATEN CIAMIS,BORDIR,0,UNIT,2022
1310,32,JAWA BARAT,3207,KABUPATEN CIAMIS,CRAFT,8,UNIT,2022
1311,32,JAWA BARAT,3207,KABUPATEN CIAMIS,DEKORASI,0,UNIT,2022
1312,32,JAWA BARAT,3207,KABUPATEN CIAMIS,MEBEL,2,UNIT,2022
1313,32,JAWA BARAT,3207,KABUPATEN CIAMIS,FASHION,3,UNIT,2022
1314,32,JAWA BARAT,3207,KABUPATEN CIAMIS,INDUSTRI,0,UNIT,2022
1315,32,JAWA BARAT,3207,KABUPATEN CIAMIS,JASA,4,UNIT,2022
1316,32,JAWA BARAT,3207,KABUPATEN CIAMIS,KONVEKSI,0,UNIT,2022
1317,32,JAWA BARAT,3207,KABUPATEN CIAMIS,KULINER,0,UNIT,2022
1318,32,JAWA BARAT,3207,KABUPATEN CIAMIS,MAKANAN,129,UNIT,2022
1319,32,JAWA BARAT,3207,KABUPATEN CIAMIS,MINUMAN,13,UNIT,2022
1320,32,JAWA BARAT,3207,KABUPATEN CIAMIS,OBAT-OBATAN,0,UNIT,2022
1321,32,JAWA BARAT,3208,KABUPATEN KUNINGAN,AGRIBISNIS,2,UNIT,2022
1322,32,JAWA BARAT,3208,KABUPATEN KUNINGAN,AKSESORIS,0,UNIT,2022
1323,32,JAWA BARAT,3208,KABUPATEN KUNINGAN,BATIK,0,UNIT,2022
1324,32,JAWA BARAT,3208,KABUPATEN KUNINGAN,BORDIR,0,UNIT,2022
1325,32,JAWA BARAT,3208,KABUPATEN KUNINGAN,CRAFT,9,UNIT,2022
1326,32,JAWA BARAT,3208,KABUPATEN KUNINGAN,DEKORASI,0,UNIT,2022
1327,32,JAWA BARAT,3208,KABUPATEN KUNINGAN,MEBEL,0,UNIT,2022
1328,32,JAWA BARAT,3208,KABUPATEN KUNINGAN,FASHION,4,UNIT,2022
1329,32,JAWA BARAT,3208,KABUPATEN KUNINGAN,INDUSTRI,5,UNIT,2022
1330,32,JAWA BARAT,3208,KABUPATEN KUNINGAN,JASA,1,UNIT,2022
1331,32,JAWA BARAT,3208,KABUPATEN KUNINGAN,KONVEKSI,0,UNIT,2022
1332,32,JAWA BARAT,3208,KABUPATEN KUNINGAN,KULINER,1,UNIT,2022
1333,32,JAWA BARAT,3208,KABUPATEN KUNINGAN,MAKANAN,111,UNIT,2022
1334,32,JAWA BARAT,3208,KABUPATEN KUNINGAN,MINUMAN,17,UNIT,2022
1335,32,JAWA BARAT,3208,KABUPATEN KUNINGAN,OBAT-OBATAN,0,UNIT,2022
1336,32,JAWA BARAT,3209,KABUPATEN CIREBON,AGRIBISNIS,1,UNIT,2022
1337,32,JAWA BARAT,3209,KABUPATEN CIREBON,AKSESORIS,0,UNIT,2022
1338,32,JAWA BARAT,3209,KABUPATEN CIREBON,BATIK,0,UNIT,2022
1339,32,JAWA BARAT,3209,KABUPATEN CIREBON,BORDIR,0,UNIT,2022
1340,32,JAWA BARAT,3209,KABUPATEN CIREBON,CRAFT,17,UNIT,2022
1341,32,JAWA BARAT,3209,KABUPATEN CIREBON,DEKORASI,0,UNIT,2022
1342,32,JAWA BARAT,3209,KABUPATEN CIREBON,MEBEL,2,UNIT,2022
1343,32,JAWA BARAT,3209,KABUPATEN CIREBON,FASHION,25,UNIT,2022
1344,32,JAWA BARAT,3209,KABUPATEN CIREBON,INDUSTRI,10,UNIT,2022
1345,32,JAWA BARAT,3209,KABUPATEN CIREBON,JASA,4,UNIT,2022
1346,32,JAWA BARAT,3209,KABUPATEN CIREBON,KONVEKSI,0,UNIT,2022
1347,32,JAWA BARAT,3209,KABUPATEN CIREBON,KULINER,2,UNIT,2022
1348,32,JAWA BARAT,3209,KABUPATEN CIREBON,MAKANAN,78,UNIT,2022
1349,32,JAWA BARAT,3209,KABUPATEN CIREBON,MINUMAN,16,UNIT,2022
1350,32,JAWA BARAT,3209,KABUPATEN CIREBON,OBAT-OBATAN,1,UNIT,2022
1351,32,JAWA BARAT,3210,KABUPATEN MAJALENGKA,AGRIBISNIS,2,UNIT,2022
1352,32,JAWA BARAT,3210,KABUPATEN MAJALENGKA,AKSESORIS,0,UNIT,2022
1353,32,JAWA BARAT,3210,KABUPATEN MAJALENGKA,BATIK,0,UNIT,2022
1354,32,JAWA BARAT,3210,KABUPATEN MAJALENGKA,BORDIR,0,UNIT,2022
1355,32,JAWA BARAT,3210,KABUPATEN MAJALENGKA,CRAFT,15,UNIT,2022
1356,32,JAWA BARAT,3210,KABUPATEN MAJALENGKA,DEKORASI,0,UNIT,2022
1357,32,JAWA BARAT,3210,KABUPATEN MAJALENGKA,MEBEL,0,UNIT,2022
1358,32,JAWA BARAT,3210,KABUPATEN MAJALENGKA,FASHION,11,UNIT,2022
1359,32,JAWA BARAT,3210,KABUPATEN MAJALENGKA,INDUSTRI,3,UNIT,2022
1360,32,JAWA BARAT,3210,KABUPATEN MAJALENGKA,JASA,5,UNIT,2022
1361,32,JAWA BARAT,3210,KABUPATEN MAJALENGKA,KONVEKSI,0,UNIT,2022
1362,32,JAWA BARAT,3210,KABUPATEN MAJALENGKA,KULINER,5,UNIT,2022
1363,32,JAWA BARAT,3210,KABUPATEN MAJALENGKA,MAKANAN,98,UNIT,2022
1364,32,JAWA BARAT,3210,KABUPATEN MAJALENGKA,MINUMAN,12,UNIT,2022
1365,32,JAWA BARAT,3210,KABUPATEN MAJALENGKA,OBAT-OBATAN,1,UNIT,2022
1366,32,JAWA BARAT,3211,KABUPATEN SUMEDANG,AGRIBISNIS,3,UNIT,2022
1367,32,JAWA BARAT,3211,KABUPATEN SUMEDANG,AKSESORIS,0,UNIT,2022
1368,32,JAWA BARAT,3211,KABUPATEN SUMEDANG,BATIK,0,UNIT,2022
1369,32,JAWA BARAT,3211,KABUPATEN SUMEDANG,BORDIR,0,UNIT,2022
1370,32,JAWA BARAT,3211,KABUPATEN SUMEDANG,CRAFT,9,UNIT,2022
1371,32,JAWA BARAT,3211,KABUPATEN SUMEDANG,DEKORASI,0,UNIT,2022
1372,32,JAWA BARAT,3211,KABUPATEN SUMEDANG,MEBEL,1,UNIT,2022
1373,32,JAWA BARAT,3211,KABUPATEN SUMEDANG,FASHION,17,UNIT,2022
1374,32,JAWA BARAT,3211,KABUPATEN SUMEDANG,INDUSTRI,4,UNIT,2022
1375,32,JAWA BARAT,3211,KABUPATEN SUMEDANG,JASA,4,UNIT,2022
1376,32,JAWA BARAT,3211,KABUPATEN SUMEDANG,KONVEKSI,0,UNIT,2022
1377,32,JAWA BARAT,3211,KABUPATEN SUMEDANG,KULINER,2,UNIT,2022
1378,32,JAWA BARAT,3211,KABUPATEN SUMEDANG,MAKANAN,99,UNIT,2022
1379,32,JAWA BARAT,3211,KABUPATEN SUMEDANG,MINUMAN,11,UNIT,2022
1380,32,JAWA BARAT,3211,KABUPATEN SUMEDANG,OBAT-OBATAN,1,UNIT,2022
1381,32,JAWA BARAT,3212,KABUPATEN INDRAMAYU,AGRIBISNIS,0,UNIT,2022
1382,32,JAWA BARAT,3212,KABUPATEN INDRAMAYU,AKSESORIS,0,UNIT,2022
1383,32,JAWA BARAT,3212,KABUPATEN INDRAMAYU,BATIK,0,UNIT,2022
1384,32,JAWA BARAT,3212,KABUPATEN INDRAMAYU,BORDIR,0,UNIT,2022
1385,32,JAWA BARAT,3212,KABUPATEN INDRAMAYU,CRAFT,27,UNIT,2022
1386,32,JAWA BARAT,3212,KABUPATEN INDRAMAYU,DEKORASI,0,UNIT,2022
1387,32,JAWA BARAT,3212,KABUPATEN INDRAMAYU,MEBEL,0,UNIT,2022
1388,32,JAWA BARAT,3212,KABUPATEN INDRAMAYU,FASHION,4,UNIT,2022
1389,32,JAWA BARAT,3212,KABUPATEN INDRAMAYU,INDUSTRI,2,UNIT,2022
1390,32,JAWA BARAT,3212,KABUPATEN INDRAMAYU,JASA,3,UNIT,2022
1391,32,JAWA BARAT,3212,KABUPATEN INDRAMAYU,KONVEKSI,0,UNIT,2022
1392,32,JAWA BARAT,3212,KABUPATEN INDRAMAYU,KULINER,5,UNIT,2022
1393,32,JAWA BARAT,3212,KABUPATEN INDRAMAYU,MAKANAN,77,UNIT,2022
1394,32,JAWA BARAT,3212,KABUPATEN INDRAMAYU,MINUMAN,13,UNIT,2022
1395,32,JAWA BARAT,3212,KABUPATEN INDRAMAYU,OBAT-OBATAN,0,UNIT,2022
1396,32,JAWA BARAT,3213,KABUPATEN SUBANG,AGRIBISNIS,0,UNIT,2022
1397,32,JAWA BARAT,3213,KABUPATEN SUBANG,AKSESORIS,0,UNIT,2022
1398,32,JAWA BARAT,3213,KABUPATEN SUBANG,BATIK,0,UNIT,2022
1399,32,JAWA BARAT,3213,KABUPATEN SUBANG,BORDIR,0,UNIT,2022
1400,32,JAWA BARAT,3213,KABUPATEN SUBANG,CRAFT,17,UNIT,2022
1401,32,JAWA BARAT,3213,KABUPATEN SUBANG,DEKORASI,0,UNIT,2022
1402,32,JAWA BARAT,3213,KABUPATEN SUBANG,MEBEL,0,UNIT,2022
1403,32,JAWA BARAT,3213,KABUPATEN SUBANG,FASHION,7,UNIT,2022
1404,32,JAWA BARAT,3213,KABUPATEN SUBANG,INDUSTRI,1,UNIT,2022
1405,32,JAWA BARAT,3213,KABUPATEN SUBANG,JASA,0,UNIT,2022
1406,32,JAWA BARAT,3213,KABUPATEN SUBANG,KONVEKSI,2,UNIT,2022
1407,32,JAWA BARAT,3213,KABUPATEN SUBANG,KULINER,3,UNIT,2022
1408,32,JAWA BARAT,3213,KABUPATEN SUBANG,MAKANAN,96,UNIT,2022
1409,32,JAWA BARAT,3213,KABUPATEN SUBANG,MINUMAN,10,UNIT,2022
1410,32,JAWA BARAT,3213,KABUPATEN SUBANG,OBAT-OBATAN,2,UNIT,2022
1411,32,JAWA BARAT,3214,KABUPATEN PURWAKARTA,AGRIBISNIS,1,UNIT,2022
1412,32,JAWA BARAT,3214,KABUPATEN PURWAKARTA,AKSESORIS,0,UNIT,2022
1413,32,JAWA BARAT,3214,KABUPATEN PURWAKARTA,BATIK,0,UNIT,2022
1414,32,JAWA BARAT,3214,KABUPATEN PURWAKARTA,BORDIR,0,UNIT,2022
1415,32,JAWA BARAT,3214,KABUPATEN PURWAKARTA,CRAFT,8,UNIT,2022
1416,32,JAWA BARAT,3214,KABUPATEN PURWAKARTA,DEKORASI,0,UNIT,2022
1417,32,JAWA BARAT,3214,KABUPATEN PURWAKARTA,MEBEL,0,UNIT,2022
1418,32,JAWA BARAT,3214,KABUPATEN PURWAKARTA,FASHION,8,UNIT,2022
1419,32,JAWA BARAT,3214,KABUPATEN PURWAKARTA,INDUSTRI,3,UNIT,2022
1420,32,JAWA BARAT,3214,KABUPATEN PURWAKARTA,JASA,13,UNIT,2022
1421,32,JAWA BARAT,3214,KABUPATEN PURWAKARTA,KONVEKSI,0,UNIT,2022
1422,32,JAWA BARAT,3214,KABUPATEN PURWAKARTA,KULINER,10,UNIT,2022
1423,32,JAWA BARAT,3214,KABUPATEN PURWAKARTA,MAKANAN,62,UNIT,2022
1424,32,JAWA BARAT,3214,KABUPATEN PURWAKARTA,MINUMAN,7,UNIT,2022
1425,32,JAWA BARAT,3214,KABUPATEN PURWAKARTA,OBAT-OBATAN,0,UNIT,2022
1426,32,JAWA BARAT,3215,KABUPATEN KARAWANG,AGRIBISNIS,2,UNIT,2022
1427,32,JAWA BARAT,3215,KABUPATEN KARAWANG,AKSESORIS,0,UNIT,2022
1428,32,JAWA BARAT,3215,KABUPATEN KARAWANG,BATIK,0,UNIT,2022
1429,32,JAWA BARAT,3215,KABUPATEN KARAWANG,BORDIR,0,UNIT,2022
1430,32,JAWA BARAT,3215,KABUPATEN KARAWANG,CRAFT,6,UNIT,2022
1431,32,JAWA BARAT,3215,KABUPATEN KARAWANG,DEKORASI,0,UNIT,2022
1432,32,JAWA BARAT,3215,KABUPATEN KARAWANG,MEBEL,2,UNIT,2022
1433,32,JAWA BARAT,3215,KABUPATEN KARAWANG,FASHION,7,UNIT,2022
1434,32,JAWA BARAT,3215,KABUPATEN KARAWANG,INDUSTRI,2,UNIT,2022
1435,32,JAWA BARAT,3215,KABUPATEN KARAWANG,JASA,5,UNIT,2022
1436,32,JAWA BARAT,3215,KABUPATEN KARAWANG,KONVEKSI,0,UNIT,2022
1437,32,JAWA BARAT,3215,KABUPATEN KARAWANG,KULINER,17,UNIT,2022
1438,32,JAWA BARAT,3215,KABUPATEN KARAWANG,MAKANAN,92,UNIT,2022
1439,32,JAWA BARAT,3215,KABUPATEN KARAWANG,MINUMAN,18,UNIT,2022
1440,32,JAWA BARAT,3215,KABUPATEN KARAWANG,OBAT-OBATAN,1,UNIT,2022
1441,32,JAWA BARAT,3216,KABUPATEN BEKASI,AGRIBISNIS,3,UNIT,2022
1442,32,JAWA BARAT,3216,KABUPATEN BEKASI,AKSESORIS,0,UNIT,2022
1443,32,JAWA BARAT,3216,KABUPATEN BEKASI,BATIK,0,UNIT,2022
1444,32,JAWA BARAT,3216,KABUPATEN BEKASI,BORDIR,0,UNIT,2022
1445,32,JAWA BARAT,3216,KABUPATEN BEKASI,CRAFT,16,UNIT,2022
1446,32,JAWA BARAT,3216,KABUPATEN BEKASI,DEKORASI,0,UNIT,2022
1447,32,JAWA BARAT,3216,KABUPATEN BEKASI,MEBEL,1,UNIT,2022
1448,32,JAWA BARAT,3216,KABUPATEN BEKASI,FASHION,18,UNIT,2022
1449,32,JAWA BARAT,3216,KABUPATEN BEKASI,INDUSTRI,3,UNIT,2022
1450,32,JAWA BARAT,3216,KABUPATEN BEKASI,JASA,4,UNIT,2022
1451,32,JAWA BARAT,3216,KABUPATEN BEKASI,KONVEKSI,0,UNIT,2022
1452,32,JAWA BARAT,3216,KABUPATEN BEKASI,KULINER,8,UNIT,2022
1453,32,JAWA BARAT,3216,KABUPATEN BEKASI,MAKANAN,88,UNIT,2022
1454,32,JAWA BARAT,3216,KABUPATEN BEKASI,MINUMAN,15,UNIT,2022
1455,32,JAWA BARAT,3216,KABUPATEN BEKASI,OBAT-OBATAN,0,UNIT,2022
1456,32,JAWA BARAT,3217,KABUPATEN BANDUNG BARAT,AGRIBISNIS,2,UNIT,2022
1457,32,JAWA BARAT,3217,KABUPATEN BANDUNG BARAT,AKSESORIS,0,UNIT,2022
1458,32,JAWA BARAT,3217,KABUPATEN BANDUNG BARAT,BATIK,0,UNIT,2022
1459,32,JAWA BARAT,3217,KABUPATEN BANDUNG BARAT,BORDIR,0,UNIT,2022
1460,32,JAWA BARAT,3217,KABUPATEN BANDUNG BARAT,CRAFT,14,UNIT,2022
1461,32,JAWA BARAT,3217,KABUPATEN BANDUNG BARAT,DEKORASI,0,UNIT,2022
1462,32,JAWA BARAT,3217,KABUPATEN BANDUNG BARAT,MEBEL,0,UNIT,2022
1463,32,JAWA BARAT,3217,KABUPATEN BANDUNG BARAT,FASHION,20,UNIT,2022
1464,32,JAWA BARAT,3217,KABUPATEN BANDUNG BARAT,INDUSTRI,2,UNIT,2022
1465,32,JAWA BARAT,3217,KABUPATEN BANDUNG BARAT,JASA,11,UNIT,2022
1466,32,JAWA BARAT,3217,KABUPATEN BANDUNG BARAT,KONVEKSI,0,UNIT,2022
1467,32,JAWA BARAT,3217,KABUPATEN BANDUNG BARAT,KULINER,5,UNIT,2022
1468,32,JAWA BARAT,3217,KABUPATEN BANDUNG BARAT,MAKANAN,92,UNIT,2022
1469,32,JAWA BARAT,3217,KABUPATEN BANDUNG BARAT,MINUMAN,11,UNIT,2022
1470,32,JAWA BARAT,3217,KABUPATEN BANDUNG BARAT,OBAT-OBATAN,0,UNIT,2022
1471,32,JAWA BARAT,3218,KABUPATEN PANGANDARAN,AGRIBISNIS,2,UNIT,2022
1472,32,JAWA BARAT,3218,KABUPATEN PANGANDARAN,AKSESORIS,0,UNIT,2022
1473,32,JAWA BARAT,3218,KABUPATEN PANGANDARAN,BATIK,0,UNIT,2022
1474,32,JAWA BARAT,3218,KABUPATEN PANGANDARAN,BORDIR,0,UNIT,2022
1475,32,JAWA BARAT,3218,KABUPATEN PANGANDARAN,CRAFT,15,UNIT,2022
1476,32,JAWA BARAT,3218,KABUPATEN PANGANDARAN,DEKORASI,0,UNIT,2022
1477,32,JAWA BARAT,3218,KABUPATEN PANGANDARAN,MEBEL,1,UNIT,2022
1478,32,JAWA BARAT,3218,KABUPATEN PANGANDARAN,FASHION,10,UNIT,2022
1479,32,JAWA BARAT,3218,KABUPATEN PANGANDARAN,INDUSTRI,5,UNIT,2022
1480,32,JAWA BARAT,3218,KABUPATEN PANGANDARAN,JASA,3,UNIT,2022
1481,32,JAWA BARAT,3218,KABUPATEN PANGANDARAN,KONVEKSI,1,UNIT,2022
1482,32,JAWA BARAT,3218,KABUPATEN PANGANDARAN,KULINER,11,UNIT,2022
1483,32,JAWA BARAT,3218,KABUPATEN PANGANDARAN,MAKANAN,74,UNIT,2022
1484,32,JAWA BARAT,3218,KABUPATEN PANGANDARAN,MINUMAN,7,UNIT,2022
1485,32,JAWA BARAT,3218,KABUPATEN PANGANDARAN,OBAT-OBATAN,2,UNIT,2022
1486,32,JAWA BARAT,3271,KOTA BOGOR,AGRIBISNIS,4,UNIT,2022
1487,32,JAWA BARAT,3271,KOTA BOGOR,AKSESORIS,0,UNIT,2022
1488,32,JAWA BARAT,3271,KOTA BOGOR,BATIK,0,UNIT,2022
1489,32,JAWA BARAT,3271,KOTA BOGOR,BORDIR,0,UNIT,2022
1490,32,JAWA BARAT,3271,KOTA BOGOR,CRAFT,8,UNIT,2022
1491,32,JAWA BARAT,3271,KOTA BOGOR,DEKORASI,0,UNIT,2022
1492,32,JAWA BARAT,3271,KOTA BOGOR,MEBEL,0,UNIT,2022
1493,32,JAWA BARAT,3271,KOTA BOGOR,FASHION,18,UNIT,2022
1494,32,JAWA BARAT,3271,KOTA BOGOR,INDUSTRI,2,UNIT,2022
1495,32,JAWA BARAT,3271,KOTA BOGOR,JASA,14,UNIT,2022
1496,32,JAWA BARAT,3271,KOTA BOGOR,KONVEKSI,1,UNIT,2022
1497,32,JAWA BARAT,3271,KOTA BOGOR,KULINER,12,UNIT,2022
1498,32,JAWA BARAT,3271,KOTA BOGOR,MAKANAN,66,UNIT,2022
1499,32,JAWA BARAT,3271,KOTA BOGOR,MINUMAN,8,UNIT,2022
1500,32,JAWA BARAT,3271,KOTA BOGOR,OBAT-OBATAN,0,UNIT,2022
1501,32,JAWA BARAT,3272,KOTA SUKABUMI,AGRIBISNIS,3,UNIT,2022
1502,32,JAWA BARAT,3272,KOTA SUKABUMI,AKSESORIS,0,UNIT,2022
1503,32,JAWA BARAT,3272,KOTA SUKABUMI,BATIK,0,UNIT,2022
1504,32,JAWA BARAT,3272,KOTA SUKABUMI,BORDIR,0,UNIT,2022
1505,32,JAWA BARAT,3272,KOTA SUKABUMI,CRAFT,7,UNIT,2022
1506,32,JAWA BARAT,3272,KOTA SUKABUMI,DEKORASI,0,UNIT,2022
1507,32,JAWA BARAT,3272,KOTA SUKABUMI,MEBEL,1,UNIT,2022
1508,32,JAWA BARAT,3272,KOTA SUKABUMI,FASHION,9,UNIT,2022
1509,32,JAWA BARAT,3272,KOTA SUKABUMI,INDUSTRI,1,UNIT,2022
1510,32,JAWA BARAT,3272,KOTA SUKABUMI,JASA,6,UNIT,2022
1511,32,JAWA BARAT,3272,KOTA SUKABUMI,KONVEKSI,0,UNIT,2022
1512,32,JAWA BARAT,3272,KOTA SUKABUMI,KULINER,3,UNIT,2022
1513,32,JAWA BARAT,3272,KOTA SUKABUMI,MAKANAN,83,UNIT,2022
1514,32,JAWA BARAT,3272,KOTA SUKABUMI,MINUMAN,5,UNIT,2022
1515,32,JAWA BARAT,3272,KOTA SUKABUMI,OBAT-OBATAN,0,UNIT,2022
1516,32,JAWA BARAT,3273,KOTA BANDUNG,AGRIBISNIS,1,UNIT,2022
1517,32,JAWA BARAT,3273,KOTA BANDUNG,AKSESORIS,0,UNIT,2022
1518,32,JAWA BARAT,3273,KOTA BANDUNG,BATIK,0,UNIT,2022
1519,32,JAWA BARAT,3273,KOTA BANDUNG,BORDIR,0,UNIT,2022
1520,32,JAWA BARAT,3273,KOTA BANDUNG,CRAFT,21,UNIT,2022
1521,32,JAWA BARAT,3273,KOTA BANDUNG,DEKORASI,0,UNIT,2022
1522,32,JAWA BARAT,3273,KOTA BANDUNG,MEBEL,0,UNIT,2022
1523,32,JAWA BARAT,3273,KOTA BANDUNG,FASHION,25,UNIT,2022
1524,32,JAWA BARAT,3273,KOTA BANDUNG,INDUSTRI,1,UNIT,2022
1525,32,JAWA BARAT,3273,KOTA BANDUNG,JASA,0,UNIT,2022
1526,32,JAWA BARAT,3273,KOTA BANDUNG,KONVEKSI,0,UNIT,2022
1527,32,JAWA BARAT,3273,KOTA BANDUNG,KULINER,77,UNIT,2022
1528,32,JAWA BARAT,3273,KOTA BANDUNG,MAKANAN,16,UNIT,2022
1529,32,JAWA BARAT,3273,KOTA BANDUNG,MINUMAN,3,UNIT,2022
1530,32,JAWA BARAT,3273,KOTA BANDUNG,OBAT-OBATAN,0,UNIT,2022
1531,32,JAWA BARAT,3274,KOTA CIREBON,AGRIBISNIS,2,UNIT,2022
1532,32,JAWA BARAT,3274,KOTA CIREBON,AKSESORIS,0,UNIT,2022
1533,32,JAWA BARAT,3274,KOTA CIREBON,BATIK,0,UNIT,2022
1534,32,JAWA BARAT,3274,KOTA CIREBON,BORDIR,0,UNIT,2022
1535,32,JAWA BARAT,3274,KOTA CIREBON,CRAFT,12,UNIT,2022
1536,32,JAWA BARAT,3274,KOTA CIREBON,DEKORASI,0,UNIT,2022
1537,32,JAWA BARAT,3274,KOTA CIREBON,MEBEL,0,UNIT,2022
1538,32,JAWA BARAT,3274,KOTA CIREBON,FASHION,11,UNIT,2022
1539,32,JAWA BARAT,3274,KOTA CIREBON,INDUSTRI,0,UNIT,2022
1540,32,JAWA BARAT,3274,KOTA CIREBON,JASA,2,UNIT,2022
1541,32,JAWA BARAT,3274,KOTA CIREBON,KONVEKSI,0,UNIT,2022
1542,32,JAWA BARAT,3274,KOTA CIREBON,KULINER,0,UNIT,2022
1543,32,JAWA BARAT,3274,KOTA CIREBON,MAKANAN,66,UNIT,2022
1544,32,JAWA BARAT,3274,KOTA CIREBON,MINUMAN,7,UNIT,2022
1545,32,JAWA BARAT,3274,KOTA CIREBON,OBAT-OBATAN,0,UNIT,2022
1546,32,JAWA BARAT,3275,KOTA BEKASI,AGRIBISNIS,3,UNIT,2022
1547,32,JAWA BARAT,3275,KOTA BEKASI,AKSESORIS,0,UNIT,2022
1548,32,JAWA BARAT,3275,KOTA BEKASI,BATIK,0,UNIT,2022
1549,32,JAWA BARAT,3275,KOTA BEKASI,BORDIR,0,UNIT,2022
1550,32,JAWA BARAT,3275,KOTA BEKASI,CRAFT,9,UNIT,2022
1551,32,JAWA BARAT,3275,KOTA BEKASI,DEKORASI,0,UNIT,2022
1552,32,JAWA BARAT,3275,KOTA BEKASI,MEBEL,0,UNIT,2022
1553,32,JAWA BARAT,3275,KOTA BEKASI,FASHION,15,UNIT,2022
1554,32,JAWA BARAT,3275,KOTA BEKASI,INDUSTRI,6,UNIT,2022
1555,32,JAWA BARAT,3275,KOTA BEKASI,JASA,11,UNIT,2022
1556,32,JAWA BARAT,3275,KOTA BEKASI,KONVEKSI,0,UNIT,2022
1557,32,JAWA BARAT,3275,KOTA BEKASI,KULINER,11,UNIT,2022
1558,32,JAWA BARAT,3275,KOTA BEKASI,MAKANAN,45,UNIT,2022
1559,32,JAWA BARAT,3275,KOTA BEKASI,MINUMAN,9,UNIT,2022
1560,32,JAWA BARAT,3275,KOTA BEKASI,OBAT-OBATAN,0,UNIT,2022
1561,32,JAWA BARAT,3276,KOTA DEPOK,AGRIBISNIS,0,UNIT,2022
1562,32,JAWA BARAT,3276,KOTA DEPOK,AKSESORIS,0,UNIT,2022
1563,32,JAWA BARAT,3276,KOTA DEPOK,BATIK,0,UNIT,2022
1564,32,JAWA BARAT,3276,KOTA DEPOK,BORDIR,0,UNIT,2022
1565,32,JAWA BARAT,3276,KOTA DEPOK,CRAFT,7,UNIT,2022
1566,32,JAWA BARAT,3276,KOTA DEPOK,DEKORASI,0,UNIT,2022
1567,32,JAWA BARAT,3276,KOTA DEPOK,MEBEL,0,UNIT,2022
1568,32,JAWA BARAT,3276,KOTA DEPOK,FASHION,4,UNIT,2022
1569,32,JAWA BARAT,3276,KOTA DEPOK,INDUSTRI,2,UNIT,2022
1570,32,JAWA BARAT,3276,KOTA DEPOK,JASA,4,UNIT,2022
1571,32,JAWA BARAT,3276,KOTA DEPOK,KONVEKSI,0,UNIT,2022
1572,32,JAWA BARAT,3276,KOTA DEPOK,KULINER,72,UNIT,2022
1573,32,JAWA BARAT,3276,KOTA DEPOK,MAKANAN,15,UNIT,2022
1574,32,JAWA BARAT,3276,KOTA DEPOK,MINUMAN,4,UNIT,2022
1575,32,JAWA BARAT,3276,KOTA DEPOK,OBAT-OBATAN,0,UNIT,2022
1576,32,JAWA BARAT,3277,KOTA CIMAHI,AGRIBISNIS,0,UNIT,2022
1577,32,JAWA BARAT,3277,KOTA CIMAHI,AKSESORIS,0,UNIT,2022
1578,32,JAWA BARAT,3277,KOTA CIMAHI,BATIK,0,UNIT,2022
1579,32,JAWA BARAT,3277,KOTA CIMAHI,BORDIR,0,UNIT,2022
1580,32,JAWA BARAT,3277,KOTA CIMAHI,CRAFT,8,UNIT,2022
1581,32,JAWA BARAT,3277,KOTA CIMAHI,DEKORASI,0,UNIT,2022
1582,32,JAWA BARAT,3277,KOTA CIMAHI,MEBEL,0,UNIT,2022
1583,32,JAWA BARAT,3277,KOTA CIMAHI,FASHION,19,UNIT,2022
1584,32,JAWA BARAT,3277,KOTA CIMAHI,INDUSTRI,0,UNIT,2022
1585,32,JAWA BARAT,3277,KOTA CIMAHI,JASA,7,UNIT,2022
1586,32,JAWA BARAT,3277,KOTA CIMAHI,KONVEKSI,1,UNIT,2022
1587,32,JAWA BARAT,3277,KOTA CIMAHI,KULINER,28,UNIT,2022
1588,32,JAWA BARAT,3277,KOTA CIMAHI,MAKANAN,68,UNIT,2022
1589,32,JAWA BARAT,3277,KOTA CIMAHI,MINUMAN,2,UNIT,2022
1590,32,JAWA BARAT,3277,KOTA CIMAHI,OBAT-OBATAN,0,UNIT,2022
1591,32,JAWA BARAT,3278,KOTA TASIKMALAYA,AGRIBISNIS,0,UNIT,2022
1592,32,JAWA BARAT,3278,KOTA TASIKMALAYA,AKSESORIS,0,UNIT,2022
1593,32,JAWA BARAT,3278,KOTA TASIKMALAYA,BATIK,0,UNIT,2022
1594,32,JAWA BARAT,3278,KOTA TASIKMALAYA,BORDIR,0,UNIT,2022
1595,32,JAWA BARAT,3278,KOTA TASIKMALAYA,CRAFT,14,UNIT,2022
1596,32,JAWA BARAT,3278,KOTA TASIKMALAYA,DEKORASI,0,UNIT,2022
1597,32,JAWA BARAT,3278,KOTA TASIKMALAYA,MEBEL,0,UNIT,2022
1598,32,JAWA BARAT,3278,KOTA TASIKMALAYA,FASHION,41,UNIT,2022
1599,32,JAWA BARAT,3278,KOTA TASIKMALAYA,INDUSTRI,2,UNIT,2022
1600,32,JAWA BARAT,3278,KOTA TASIKMALAYA,JASA,1,UNIT,2022
1601,32,JAWA BARAT,3278,KOTA TASIKMALAYA,KONVEKSI,0,UNIT,2022
1602,32,JAWA BARAT,3278,KOTA TASIKMALAYA,KULINER,0,UNIT,2022
1603,32,JAWA BARAT,3278,KOTA TASIKMALAYA,MAKANAN,65,UNIT,2022
1604,32,JAWA BARAT,3278,KOTA TASIKMALAYA,MINUMAN,9,UNIT,2022
1605,32,JAWA BARAT,3278,KOTA TASIKMALAYA,OBAT-OBATAN,0,UNIT,2022
1606,32,JAWA BARAT,3279,KOTA BANJAR,AGRIBISNIS,0,UNIT,2022
1607,32,JAWA BARAT,3279,KOTA BANJAR,AKSESORIS,0,UNIT,2022
1608,32,JAWA BARAT,3279,KOTA BANJAR,BATIK,0,UNIT,2022
1609,32,JAWA BARAT,3279,KOTA BANJAR,BORDIR,0,UNIT,2022
1610,32,JAWA BARAT,3279,KOTA BANJAR,CRAFT,11,UNIT,2022
1611,32,JAWA BARAT,3279,KOTA BANJAR,DEKORASI,0,UNIT,2022
1612,32,JAWA BARAT,3279,KOTA BANJAR,MEBEL,0,UNIT,2022
1613,32,JAWA BARAT,3279,KOTA BANJAR,FASHION,15,UNIT,2022
1614,32,JAWA BARAT,3279,KOTA BANJAR,INDUSTRI,0,UNIT,2022
1615,32,JAWA BARAT,3279,KOTA BANJAR,JASA,19,UNIT,2022
1616,32,JAWA BARAT,3279,KOTA BANJAR,KONVEKSI,1,UNIT,2022
1617,32,JAWA BARAT,3279,KOTA BANJAR,KULINER,0,UNIT,2022
1618,32,JAWA BARAT,3279,KOTA BANJAR,MAKANAN,63,UNIT,2022
1619,32,JAWA BARAT,3279,KOTA BANJAR,MINUMAN,24,UNIT,2022
1620,32,JAWA BARAT,3279,KOTA BANJAR,OBAT-OBATAN,0,UNIT,2022
1621,32,JAWA BARAT,3201,KABUPATEN BOGOR,AGRIBISNIS,0,UNIT,2023
1622,32,JAWA BARAT,3201,KABUPATEN BOGOR,AKSESORIS,11,UNIT,2023
1623,32,JAWA BARAT,3201,KABUPATEN BOGOR,BATIK,22,UNIT,2023
1624,32,JAWA BARAT,3201,KABUPATEN BOGOR,BORDIR,3,UNIT,2023
1625,32,JAWA BARAT,3201,KABUPATEN BOGOR,CRAFT,4,UNIT,2023
1626,32,JAWA BARAT,3201,KABUPATEN BOGOR,DEKORASI,0,UNIT,2023
1627,32,JAWA BARAT,3201,KABUPATEN BOGOR,MEBEL,5,UNIT,2023
1628,32,JAWA BARAT,3201,KABUPATEN BOGOR,FASHION,98,UNIT,2023
1629,32,JAWA BARAT,3201,KABUPATEN BOGOR,INDUSTRI,0,UNIT,2023
1630,32,JAWA BARAT,3201,KABUPATEN BOGOR,JASA,14,UNIT,2023
1631,32,JAWA BARAT,3201,KABUPATEN BOGOR,KONVEKSI,0,UNIT,2023
1632,32,JAWA BARAT,3201,KABUPATEN BOGOR,KULINER,0,UNIT,2023
1633,32,JAWA BARAT,3201,KABUPATEN BOGOR,MAKANAN,0,UNIT,2023
1634,32,JAWA BARAT,3201,KABUPATEN BOGOR,MINUMAN,0,UNIT,2023
1635,32,JAWA BARAT,3201,KABUPATEN BOGOR,OBAT-OBATAN,0,UNIT,2023
1636,32,JAWA BARAT,3202,KABUPATEN SUKABUMI,AGRIBISNIS,0,UNIT,2023
1637,32,JAWA BARAT,3202,KABUPATEN SUKABUMI,AKSESORIS,19,UNIT,2023
1638,32,JAWA BARAT,3202,KABUPATEN SUKABUMI,BATIK,0,UNIT,2023
1639,32,JAWA BARAT,3202,KABUPATEN SUKABUMI,BORDIR,0,UNIT,2023
1640,32,JAWA BARAT,3202,KABUPATEN SUKABUMI,CRAFT,3,UNIT,2023
1641,32,JAWA BARAT,3202,KABUPATEN SUKABUMI,DEKORASI,0,UNIT,2023
1642,32,JAWA BARAT,3202,KABUPATEN SUKABUMI,MEBEL,2,UNIT,2023
1643,32,JAWA BARAT,3202,KABUPATEN SUKABUMI,FASHION,127,UNIT,2023
1644,32,JAWA BARAT,3202,KABUPATEN SUKABUMI,INDUSTRI,0,UNIT,2023
1645,32,JAWA BARAT,3202,KABUPATEN SUKABUMI,JASA,16,UNIT,2023
1646,32,JAWA BARAT,3202,KABUPATEN SUKABUMI,KONVEKSI,0,UNIT,2023
1647,32,JAWA BARAT,3202,KABUPATEN SUKABUMI,KULINER,0,UNIT,2023
1648,32,JAWA BARAT,3202,KABUPATEN SUKABUMI,MAKANAN,0,UNIT,2023
1649,32,JAWA BARAT,3202,KABUPATEN SUKABUMI,MINUMAN,0,UNIT,2023
1650,32,JAWA BARAT,3202,KABUPATEN SUKABUMI,OBAT-OBATAN,0,UNIT,2023
1651,32,JAWA BARAT,3203,KABUPATEN CIANJUR,AGRIBISNIS,0,UNIT,2023
1652,32,JAWA BARAT,3203,KABUPATEN CIANJUR,AKSESORIS,27,UNIT,2023
1653,32,JAWA BARAT,3203,KABUPATEN CIANJUR,BATIK,0,UNIT,2023
1654,32,JAWA BARAT,3203,KABUPATEN CIANJUR,BORDIR,0,UNIT,2023
1655,32,JAWA BARAT,3203,KABUPATEN CIANJUR,CRAFT,9,UNIT,2023
1656,32,JAWA BARAT,3203,KABUPATEN CIANJUR,DEKORASI,0,UNIT,2023
1657,32,JAWA BARAT,3203,KABUPATEN CIANJUR,MEBEL,2,UNIT,2023
1658,32,JAWA BARAT,3203,KABUPATEN CIANJUR,FASHION,86,UNIT,2023
1659,32,JAWA BARAT,3203,KABUPATEN CIANJUR,INDUSTRI,1,UNIT,2023
1660,32,JAWA BARAT,3203,KABUPATEN CIANJUR,JASA,10,UNIT,2023
1661,32,JAWA BARAT,3203,KABUPATEN CIANJUR,KONVEKSI,4,UNIT,2023
1662,32,JAWA BARAT,3203,KABUPATEN CIANJUR,KULINER,0,UNIT,2023
1663,32,JAWA BARAT,3203,KABUPATEN CIANJUR,MAKANAN,0,UNIT,2023
1664,32,JAWA BARAT,3203,KABUPATEN CIANJUR,MINUMAN,0,UNIT,2023
1665,32,JAWA BARAT,3203,KABUPATEN CIANJUR,OBAT-OBATAN,4,UNIT,2023
1666,32,JAWA BARAT,3204,KABUPATEN BANDUNG,AGRIBISNIS,0,UNIT,2023
1667,32,JAWA BARAT,3204,KABUPATEN BANDUNG,AKSESORIS,12,UNIT,2023
1668,32,JAWA BARAT,3204,KABUPATEN BANDUNG,BATIK,0,UNIT,2023
1669,32,JAWA BARAT,3204,KABUPATEN BANDUNG,BORDIR,0,UNIT,2023
1670,32,JAWA BARAT,3204,KABUPATEN BANDUNG,CRAFT,3,UNIT,2023
1671,32,JAWA BARAT,3204,KABUPATEN BANDUNG,DEKORASI,0,UNIT,2023
1672,32,JAWA BARAT,3204,KABUPATEN BANDUNG,MEBEL,6,UNIT,2023
1673,32,JAWA BARAT,3204,KABUPATEN BANDUNG,FASHION,121,UNIT,2023
1674,32,JAWA BARAT,3204,KABUPATEN BANDUNG,INDUSTRI,0,UNIT,2023
1675,32,JAWA BARAT,3204,KABUPATEN BANDUNG,JASA,9,UNIT,2023
1676,32,JAWA BARAT,3204,KABUPATEN BANDUNG,KONVEKSI,0,UNIT,2023
1677,32,JAWA BARAT,3204,KABUPATEN BANDUNG,KULINER,0,UNIT,2023
1678,32,JAWA BARAT,3204,KABUPATEN BANDUNG,MAKANAN,0,UNIT,2023
1679,32,JAWA BARAT,3204,KABUPATEN BANDUNG,MINUMAN,0,UNIT,2023
1680,32,JAWA BARAT,3204,KABUPATEN BANDUNG,OBAT-OBATAN,3,UNIT,2023
1681,32,JAWA BARAT,3205,KABUPATEN GARUT,AGRIBISNIS,0,UNIT,2023
1682,32,JAWA BARAT,3205,KABUPATEN GARUT,AKSESORIS,14,UNIT,2023
1683,32,JAWA BARAT,3205,KABUPATEN GARUT,BATIK,0,UNIT,2023
1684,32,JAWA BARAT,3205,KABUPATEN GARUT,BORDIR,0,UNIT,2023
1685,32,JAWA BARAT,3205,KABUPATEN GARUT,CRAFT,4,UNIT,2023
1686,32,JAWA BARAT,3205,KABUPATEN GARUT,DEKORASI,0,UNIT,2023
1687,32,JAWA BARAT,3205,KABUPATEN GARUT,MEBEL,15,UNIT,2023
1688,32,JAWA BARAT,3205,KABUPATEN GARUT,FASHION,109,UNIT,2023
1689,32,JAWA BARAT,3205,KABUPATEN GARUT,INDUSTRI,0,UNIT,2023
1690,32,JAWA BARAT,3205,KABUPATEN GARUT,JASA,11,UNIT,2023
1691,32,JAWA BARAT,3205,KABUPATEN GARUT,KONVEKSI,1,UNIT,2023
1692,32,JAWA BARAT,3205,KABUPATEN GARUT,KULINER,0,UNIT,2023
1693,32,JAWA BARAT,3205,KABUPATEN GARUT,MAKANAN,0,UNIT,2023
1694,32,JAWA BARAT,3205,KABUPATEN GARUT,MINUMAN,0,UNIT,2023
1695,32,JAWA BARAT,3205,KABUPATEN GARUT,OBAT-OBATAN,4,UNIT,2023
1696,32,JAWA BARAT,3206,KABUPATEN TASIKMALAYA,AGRIBISNIS,0,UNIT,2023
1697,32,JAWA BARAT,3206,KABUPATEN TASIKMALAYA,AKSESORIS,20,UNIT,2023
1698,32,JAWA BARAT,3206,KABUPATEN TASIKMALAYA,BATIK,0,UNIT,2023
1699,32,JAWA BARAT,3206,KABUPATEN TASIKMALAYA,BORDIR,0,UNIT,2023
1700,32,JAWA BARAT,3206,KABUPATEN TASIKMALAYA,CRAFT,0,UNIT,2023
1701,32,JAWA BARAT,3206,KABUPATEN TASIKMALAYA,DEKORASI,0,UNIT,2023
1702,32,JAWA BARAT,3206,KABUPATEN TASIKMALAYA,MEBEL,5,UNIT,2023
1703,32,JAWA BARAT,3206,KABUPATEN TASIKMALAYA,FASHION,94,UNIT,2023
1704,32,JAWA BARAT,3206,KABUPATEN TASIKMALAYA,INDUSTRI,0,UNIT,2023
1705,32,JAWA BARAT,3206,KABUPATEN TASIKMALAYA,JASA,7,UNIT,2023
1706,32,JAWA BARAT,3206,KABUPATEN TASIKMALAYA,KONVEKSI,0,UNIT,2023
1707,32,JAWA BARAT,3206,KABUPATEN TASIKMALAYA,KULINER,0,UNIT,2023
1708,32,JAWA BARAT,3206,KABUPATEN TASIKMALAYA,MAKANAN,0,UNIT,2023
1709,32,JAWA BARAT,3206,KABUPATEN TASIKMALAYA,MINUMAN,0,UNIT,2023
1710,32,JAWA BARAT,3206,KABUPATEN TASIKMALAYA,OBAT-OBATAN,0,UNIT,2023
1711,32,JAWA BARAT,3207,KABUPATEN CIAMIS,AGRIBISNIS,0,UNIT,2023
1712,32,JAWA BARAT,3207,KABUPATEN CIAMIS,AKSESORIS,13,UNIT,2023
1713,32,JAWA BARAT,3207,KABUPATEN CIAMIS,BATIK,0,UNIT,2023
1714,32,JAWA BARAT,3207,KABUPATEN CIAMIS,BORDIR,0,UNIT,2023
1715,32,JAWA BARAT,3207,KABUPATEN CIAMIS,CRAFT,5,UNIT,2023
1716,32,JAWA BARAT,3207,KABUPATEN CIAMIS,DEKORASI,0,UNIT,2023
1717,32,JAWA BARAT,3207,KABUPATEN CIAMIS,MEBEL,1,UNIT,2023
1718,32,JAWA BARAT,3207,KABUPATEN CIAMIS,FASHION,143,UNIT,2023
1719,32,JAWA BARAT,3207,KABUPATEN CIAMIS,INDUSTRI,1,UNIT,2023
1720,32,JAWA BARAT,3207,KABUPATEN CIAMIS,JASA,9,UNIT,2023
1721,32,JAWA BARAT,3207,KABUPATEN CIAMIS,KONVEKSI,0,UNIT,2023
1722,32,JAWA BARAT,3207,KABUPATEN CIAMIS,KULINER,0,UNIT,2023
1723,32,JAWA BARAT,3207,KABUPATEN CIAMIS,MAKANAN,0,UNIT,2023
1724,32,JAWA BARAT,3207,KABUPATEN CIAMIS,MINUMAN,0,UNIT,2023
1725,32,JAWA BARAT,3207,KABUPATEN CIAMIS,OBAT-OBATAN,0,UNIT,2023
1726,32,JAWA BARAT,3208,KABUPATEN KUNINGAN,AGRIBISNIS,0,UNIT,2023
1727,32,JAWA BARAT,3208,KABUPATEN KUNINGAN,AKSESORIS,15,UNIT,2023
1728,32,JAWA BARAT,3208,KABUPATEN KUNINGAN,BATIK,0,UNIT,2023
1729,32,JAWA BARAT,3208,KABUPATEN KUNINGAN,BORDIR,0,UNIT,2023
1730,32,JAWA BARAT,3208,KABUPATEN KUNINGAN,CRAFT,0,UNIT,2023
1731,32,JAWA BARAT,3208,KABUPATEN KUNINGAN,DEKORASI,0,UNIT,2023
1732,32,JAWA BARAT,3208,KABUPATEN KUNINGAN,MEBEL,0,UNIT,2023
1733,32,JAWA BARAT,3208,KABUPATEN KUNINGAN,FASHION,137,UNIT,2023
1734,32,JAWA BARAT,3208,KABUPATEN KUNINGAN,INDUSTRI,0,UNIT,2023
1735,32,JAWA BARAT,3208,KABUPATEN KUNINGAN,JASA,19,UNIT,2023
1736,32,JAWA BARAT,3208,KABUPATEN KUNINGAN,KONVEKSI,1,UNIT,2023
1737,32,JAWA BARAT,3208,KABUPATEN KUNINGAN,KULINER,0,UNIT,2023
1738,32,JAWA BARAT,3208,KABUPATEN KUNINGAN,MAKANAN,0,UNIT,2023
1739,32,JAWA BARAT,3208,KABUPATEN KUNINGAN,MINUMAN,0,UNIT,2023
1740,32,JAWA BARAT,3208,KABUPATEN KUNINGAN,OBAT-OBATAN,0,UNIT,2023
1741,32,JAWA BARAT,3209,KABUPATEN CIREBON,AGRIBISNIS,0,UNIT,2023
1742,32,JAWA BARAT,3209,KABUPATEN CIREBON,AKSESORIS,12,UNIT,2023
1743,32,JAWA BARAT,3209,KABUPATEN CIREBON,BATIK,0,UNIT,2023
1744,32,JAWA BARAT,3209,KABUPATEN CIREBON,BORDIR,0,UNIT,2023
1745,32,JAWA BARAT,3209,KABUPATEN CIREBON,CRAFT,1,UNIT,2023
1746,32,JAWA BARAT,3209,KABUPATEN CIREBON,DEKORASI,0,UNIT,2023
1747,32,JAWA BARAT,3209,KABUPATEN CIREBON,MEBEL,16,UNIT,2023
1748,32,JAWA BARAT,3209,KABUPATEN CIREBON,FASHION,116,UNIT,2023
1749,32,JAWA BARAT,3209,KABUPATEN CIREBON,INDUSTRI,1,UNIT,2023
1750,32,JAWA BARAT,3209,KABUPATEN CIREBON,JASA,10,UNIT,2023
1751,32,JAWA BARAT,3209,KABUPATEN CIREBON,KONVEKSI,0,UNIT,2023
1752,32,JAWA BARAT,3209,KABUPATEN CIREBON,KULINER,0,UNIT,2023
1753,32,JAWA BARAT,3209,KABUPATEN CIREBON,MAKANAN,0,UNIT,2023
1754,32,JAWA BARAT,3209,KABUPATEN CIREBON,MINUMAN,0,UNIT,2023
1755,32,JAWA BARAT,3209,KABUPATEN CIREBON,OBAT-OBATAN,0,UNIT,2023
1756,32,JAWA BARAT,3210,KABUPATEN MAJALENGKA,AGRIBISNIS,0,UNIT,2023
1757,32,JAWA BARAT,3210,KABUPATEN MAJALENGKA,AKSESORIS,17,UNIT,2023
1758,32,JAWA BARAT,3210,KABUPATEN MAJALENGKA,BATIK,0,UNIT,2023
1759,32,JAWA BARAT,3210,KABUPATEN MAJALENGKA,BORDIR,0,UNIT,2023
1760,32,JAWA BARAT,3210,KABUPATEN MAJALENGKA,CRAFT,0,UNIT,2023
1761,32,JAWA BARAT,3210,KABUPATEN MAJALENGKA,DEKORASI,0,UNIT,2023
1762,32,JAWA BARAT,3210,KABUPATEN MAJALENGKA,MEBEL,0,UNIT,2023
1763,32,JAWA BARAT,3210,KABUPATEN MAJALENGKA,FASHION,114,UNIT,2023
1764,32,JAWA BARAT,3210,KABUPATEN MAJALENGKA,INDUSTRI,0,UNIT,2023
1765,32,JAWA BARAT,3210,KABUPATEN MAJALENGKA,JASA,15,UNIT,2023
1766,32,JAWA BARAT,3210,KABUPATEN MAJALENGKA,KONVEKSI,0,UNIT,2023
1767,32,JAWA BARAT,3210,KABUPATEN MAJALENGKA,KULINER,0,UNIT,2023
1768,32,JAWA BARAT,3210,KABUPATEN MAJALENGKA,MAKANAN,0,UNIT,2023
1769,32,JAWA BARAT,3210,KABUPATEN MAJALENGKA,MINUMAN,0,UNIT,2023
1770,32,JAWA BARAT,3210,KABUPATEN MAJALENGKA,OBAT-OBATAN,3,UNIT,2023
1771,32,JAWA BARAT,3211,KABUPATEN SUMEDANG,AGRIBISNIS,0,UNIT,2023
1772,32,JAWA BARAT,3211,KABUPATEN SUMEDANG,AKSESORIS,15,UNIT,2023
1773,32,JAWA BARAT,3211,KABUPATEN SUMEDANG,BATIK,0,UNIT,2023
1774,32,JAWA BARAT,3211,KABUPATEN SUMEDANG,BORDIR,0,UNIT,2023
1775,32,JAWA BARAT,3211,KABUPATEN SUMEDANG,CRAFT,0,UNIT,2023
1776,32,JAWA BARAT,3211,KABUPATEN SUMEDANG,DEKORASI,0,UNIT,2023
1777,32,JAWA BARAT,3211,KABUPATEN SUMEDANG,MEBEL,14,UNIT,2023
1778,32,JAWA BARAT,3211,KABUPATEN SUMEDANG,FASHION,109,UNIT,2023
1779,32,JAWA BARAT,3211,KABUPATEN SUMEDANG,INDUSTRI,0,UNIT,2023
1780,32,JAWA BARAT,3211,KABUPATEN SUMEDANG,JASA,9,UNIT,2023
1781,32,JAWA BARAT,3211,KABUPATEN SUMEDANG,KONVEKSI,0,UNIT,2023
1782,32,JAWA BARAT,3211,KABUPATEN SUMEDANG,KULINER,0,UNIT,2023
1783,32,JAWA BARAT,3211,KABUPATEN SUMEDANG,MAKANAN,0,UNIT,2023
1784,32,JAWA BARAT,3211,KABUPATEN SUMEDANG,MINUMAN,0,UNIT,2023
1785,32,JAWA BARAT,3211,KABUPATEN SUMEDANG,OBAT-OBATAN,2,UNIT,2023
1786,32,JAWA BARAT,3212,KABUPATEN INDRAMAYU,AGRIBISNIS,0,UNIT,2023
1787,32,JAWA BARAT,3212,KABUPATEN INDRAMAYU,AKSESORIS,13,UNIT,2023
1788,32,JAWA BARAT,3212,KABUPATEN INDRAMAYU,BATIK,0,UNIT,2023
1789,32,JAWA BARAT,3212,KABUPATEN INDRAMAYU,BORDIR,0,UNIT,2023
1790,32,JAWA BARAT,3212,KABUPATEN INDRAMAYU,CRAFT,7,UNIT,2023
1791,32,JAWA BARAT,3212,KABUPATEN INDRAMAYU,DEKORASI,0,UNIT,2023
1792,32,JAWA BARAT,3212,KABUPATEN INDRAMAYU,MEBEL,2,UNIT,2023
1793,32,JAWA BARAT,3212,KABUPATEN INDRAMAYU,FASHION,94,UNIT,2023
1794,32,JAWA BARAT,3212,KABUPATEN INDRAMAYU,INDUSTRI,0,UNIT,2023
1795,32,JAWA BARAT,3212,KABUPATEN INDRAMAYU,JASA,20,UNIT,2023
1796,32,JAWA BARAT,3212,KABUPATEN INDRAMAYU,KONVEKSI,1,UNIT,2023
1797,32,JAWA BARAT,3212,KABUPATEN INDRAMAYU,KULINER,0,UNIT,2023
1798,32,JAWA BARAT,3212,KABUPATEN INDRAMAYU,MAKANAN,0,UNIT,2023
1799,32,JAWA BARAT,3212,KABUPATEN INDRAMAYU,MINUMAN,0,UNIT,2023
1800,32,JAWA BARAT,3212,KABUPATEN INDRAMAYU,OBAT-OBATAN,0,UNIT,2023
1801,32,JAWA BARAT,3213,KABUPATEN SUBANG,AGRIBISNIS,0,UNIT,2023
1802,32,JAWA BARAT,3213,KABUPATEN SUBANG,AKSESORIS,44,UNIT,2023
1803,32,JAWA BARAT,3213,KABUPATEN SUBANG,BATIK,0,UNIT,2023
1804,32,JAWA BARAT,3213,KABUPATEN SUBANG,BORDIR,0,UNIT,2023
1805,32,JAWA BARAT,3213,KABUPATEN SUBANG,CRAFT,0,UNIT,2023
1806,32,JAWA BARAT,3213,KABUPATEN SUBANG,DEKORASI,0,UNIT,2023
1807,32,JAWA BARAT,3213,KABUPATEN SUBANG,MEBEL,0,UNIT,2023
1808,32,JAWA BARAT,3213,KABUPATEN SUBANG,FASHION,98,UNIT,2023
1809,32,JAWA BARAT,3213,KABUPATEN SUBANG,INDUSTRI,1,UNIT,2023
1810,32,JAWA BARAT,3213,KABUPATEN SUBANG,JASA,11,UNIT,2023
1811,32,JAWA BARAT,3213,KABUPATEN SUBANG,KONVEKSI,1,UNIT,2023
1812,32,JAWA BARAT,3213,KABUPATEN SUBANG,KULINER,0,UNIT,2023
1813,32,JAWA BARAT,3213,KABUPATEN SUBANG,MAKANAN,0,UNIT,2023
1814,32,JAWA BARAT,3213,KABUPATEN SUBANG,MINUMAN,0,UNIT,2023
1815,32,JAWA BARAT,3213,KABUPATEN SUBANG,OBAT-OBATAN,0,UNIT,2023
1816,32,JAWA BARAT,3214,KABUPATEN PURWAKARTA,AGRIBISNIS,0,UNIT,2023
1817,32,JAWA BARAT,3214,KABUPATEN PURWAKARTA,AKSESORIS,10,UNIT,2023
1818,32,JAWA BARAT,3214,KABUPATEN PURWAKARTA,BATIK,0,UNIT,2023
1819,32,JAWA BARAT,3214,KABUPATEN PURWAKARTA,BORDIR,0,UNIT,2023
1820,32,JAWA BARAT,3214,KABUPATEN PURWAKARTA,CRAFT,10,UNIT,2023
1821,32,JAWA BARAT,3214,KABUPATEN PURWAKARTA,DEKORASI,0,UNIT,2023
1822,32,JAWA BARAT,3214,KABUPATEN PURWAKARTA,MEBEL,6,UNIT,2023
1823,32,JAWA BARAT,3214,KABUPATEN PURWAKARTA,FASHION,79,UNIT,2023
1824,32,JAWA BARAT,3214,KABUPATEN PURWAKARTA,INDUSTRI,2,UNIT,2023
1825,32,JAWA BARAT,3214,KABUPATEN PURWAKARTA,JASA,7,UNIT,2023
1826,32,JAWA BARAT,3214,KABUPATEN PURWAKARTA,KONVEKSI,0,UNIT,2023
1827,32,JAWA BARAT,3214,KABUPATEN PURWAKARTA,KULINER,0,UNIT,2023
1828,32,JAWA BARAT,3214,KABUPATEN PURWAKARTA,MAKANAN,0,UNIT,2023
1829,32,JAWA BARAT,3214,KABUPATEN PURWAKARTA,MINUMAN,0,UNIT,2023
1830,32,JAWA BARAT,3214,KABUPATEN PURWAKARTA,OBAT-OBATAN,0,UNIT,2023
1831,32,JAWA BARAT,3215,KABUPATEN KARAWANG,AGRIBISNIS,0,UNIT,2023
1832,32,JAWA BARAT,3215,KABUPATEN KARAWANG,AKSESORIS,10,UNIT,2023
1833,32,JAWA BARAT,3215,KABUPATEN KARAWANG,BATIK,0,UNIT,2023
1834,32,JAWA BARAT,3215,KABUPATEN KARAWANG,BORDIR,0,UNIT,2023
1835,32,JAWA BARAT,3215,KABUPATEN KARAWANG,CRAFT,19,UNIT,2023
1836,32,JAWA BARAT,3215,KABUPATEN KARAWANG,DEKORASI,0,UNIT,2023
1837,32,JAWA BARAT,3215,KABUPATEN KARAWANG,MEBEL,13,UNIT,2023
1838,32,JAWA BARAT,3215,KABUPATEN KARAWANG,FASHION,113,UNIT,2023
1839,32,JAWA BARAT,3215,KABUPATEN KARAWANG,INDUSTRI,2,UNIT,2023
1840,32,JAWA BARAT,3215,KABUPATEN KARAWANG,JASA,17,UNIT,2023
1841,32,JAWA BARAT,3215,KABUPATEN KARAWANG,KONVEKSI,1,UNIT,2023
1842,32,JAWA BARAT,3215,KABUPATEN KARAWANG,KULINER,0,UNIT,2023
1843,32,JAWA BARAT,3215,KABUPATEN KARAWANG,MAKANAN,0,UNIT,2023
1844,32,JAWA BARAT,3215,KABUPATEN KARAWANG,MINUMAN,0,UNIT,2023
1845,32,JAWA BARAT,3215,KABUPATEN KARAWANG,OBAT-OBATAN,0,UNIT,2023
1846,32,JAWA BARAT,3216,KABUPATEN BEKASI,AGRIBISNIS,0,UNIT,2023
1847,32,JAWA BARAT,3216,KABUPATEN BEKASI,AKSESORIS,21,UNIT,2023
1848,32,JAWA BARAT,3216,KABUPATEN BEKASI,BATIK,0,UNIT,2023
1849,32,JAWA BARAT,3216,KABUPATEN BEKASI,BORDIR,0,UNIT,2023
1850,32,JAWA BARAT,3216,KABUPATEN BEKASI,CRAFT,17,UNIT,2023
1851,32,JAWA BARAT,3216,KABUPATEN BEKASI,DEKORASI,0,UNIT,2023
1852,32,JAWA BARAT,3216,KABUPATEN BEKASI,MEBEL,3,UNIT,2023
1853,32,JAWA BARAT,3216,KABUPATEN BEKASI,FASHION,95,UNIT,2023
1854,32,JAWA BARAT,3216,KABUPATEN BEKASI,INDUSTRI,0,UNIT,2023
1855,32,JAWA BARAT,3216,KABUPATEN BEKASI,JASA,20,UNIT,2023
1856,32,JAWA BARAT,3216,KABUPATEN BEKASI,KONVEKSI,1,UNIT,2023
1857,32,JAWA BARAT,3216,KABUPATEN BEKASI,KULINER,0,UNIT,2023
1858,32,JAWA BARAT,3216,KABUPATEN BEKASI,MAKANAN,0,UNIT,2023
1859,32,JAWA BARAT,3216,KABUPATEN BEKASI,MINUMAN,0,UNIT,2023
1860,32,JAWA BARAT,3216,KABUPATEN BEKASI,OBAT-OBATAN,6,UNIT,2023
1861,32,JAWA BARAT,3217,KABUPATEN BANDUNG BARAT,AGRIBISNIS,0,UNIT,2023
1862,32,JAWA BARAT,3217,KABUPATEN BANDUNG BARAT,AKSESORIS,8,UNIT,2023
1863,32,JAWA BARAT,3217,KABUPATEN BANDUNG BARAT,BATIK,0,UNIT,2023
1864,32,JAWA BARAT,3217,KABUPATEN BANDUNG BARAT,BORDIR,0,UNIT,2023
1865,32,JAWA BARAT,3217,KABUPATEN BANDUNG BARAT,CRAFT,8,UNIT,2023
1866,32,JAWA BARAT,3217,KABUPATEN BANDUNG BARAT,DEKORASI,0,UNIT,2023
1867,32,JAWA BARAT,3217,KABUPATEN BANDUNG BARAT,MEBEL,43,UNIT,2023
1868,32,JAWA BARAT,3217,KABUPATEN BANDUNG BARAT,FASHION,82,UNIT,2023
1869,32,JAWA BARAT,3217,KABUPATEN BANDUNG BARAT,INDUSTRI,0,UNIT,2023
1870,32,JAWA BARAT,3217,KABUPATEN BANDUNG BARAT,JASA,10,UNIT,2023
1871,32,JAWA BARAT,3217,KABUPATEN BANDUNG BARAT,KONVEKSI,0,UNIT,2023
1872,32,JAWA BARAT,3217,KABUPATEN BANDUNG BARAT,KULINER,0,UNIT,2023
1873,32,JAWA BARAT,3217,KABUPATEN BANDUNG BARAT,MAKANAN,0,UNIT,2023
1874,32,JAWA BARAT,3217,KABUPATEN BANDUNG BARAT,MINUMAN,0,UNIT,2023
1875,32,JAWA BARAT,3217,KABUPATEN BANDUNG BARAT,OBAT-OBATAN,9,UNIT,2023
1876,32,JAWA BARAT,3218,KABUPATEN PANGANDARAN,AGRIBISNIS,0,UNIT,2023
1877,32,JAWA BARAT,3218,KABUPATEN PANGANDARAN,AKSESORIS,13,UNIT,2023
1878,32,JAWA BARAT,3218,KABUPATEN PANGANDARAN,BATIK,0,UNIT,2023
1879,32,JAWA BARAT,3218,KABUPATEN PANGANDARAN,BORDIR,0,UNIT,2023
1880,32,JAWA BARAT,3218,KABUPATEN PANGANDARAN,CRAFT,1,UNIT,2023
1881,32,JAWA BARAT,3218,KABUPATEN PANGANDARAN,DEKORASI,0,UNIT,2023
1882,32,JAWA BARAT,3218,KABUPATEN PANGANDARAN,MEBEL,0,UNIT,2023
1883,32,JAWA BARAT,3218,KABUPATEN PANGANDARAN,FASHION,98,UNIT,2023
1884,32,JAWA BARAT,3218,KABUPATEN PANGANDARAN,INDUSTRI,1,UNIT,2023
1885,32,JAWA BARAT,3218,KABUPATEN PANGANDARAN,JASA,14,UNIT,2023
1886,32,JAWA BARAT,3218,KABUPATEN PANGANDARAN,KONVEKSI,2,UNIT,2023
1887,32,JAWA BARAT,3218,KABUPATEN PANGANDARAN,KULINER,0,UNIT,2023
1888,32,JAWA BARAT,3218,KABUPATEN PANGANDARAN,MAKANAN,0,UNIT,2023
1889,32,JAWA BARAT,3218,KABUPATEN PANGANDARAN,MINUMAN,0,UNIT,2023
1890,32,JAWA BARAT,3218,KABUPATEN PANGANDARAN,OBAT-OBATAN,5,UNIT,2023
1891,32,JAWA BARAT,3271,KOTA BOGOR,AGRIBISNIS,0,UNIT,2023
1892,32,JAWA BARAT,3271,KOTA BOGOR,AKSESORIS,16,UNIT,2023
1893,32,JAWA BARAT,3271,KOTA BOGOR,BATIK,0,UNIT,2023
1894,32,JAWA BARAT,3271,KOTA BOGOR,BORDIR,0,UNIT,2023
1895,32,JAWA BARAT,3271,KOTA BOGOR,CRAFT,5,UNIT,2023
1896,32,JAWA BARAT,3271,KOTA BOGOR,DEKORASI,0,UNIT,2023
1897,32,JAWA BARAT,3271,KOTA BOGOR,MEBEL,3,UNIT,2023
1898,32,JAWA BARAT,3271,KOTA BOGOR,FASHION,91,UNIT,2023
1899,32,JAWA BARAT,3271,KOTA BOGOR,INDUSTRI,0,UNIT,2023
1900,32,JAWA BARAT,3271,KOTA BOGOR,JASA,9,UNIT,2023
1901,32,JAWA BARAT,3271,KOTA BOGOR,KONVEKSI,0,UNIT,2023
1902,32,JAWA BARAT,3271,KOTA BOGOR,KULINER,0,UNIT,2023
1903,32,JAWA BARAT,3271,KOTA BOGOR,MAKANAN,0,UNIT,2023
1904,32,JAWA BARAT,3271,KOTA BOGOR,MINUMAN,0,UNIT,2023
1905,32,JAWA BARAT,3271,KOTA BOGOR,OBAT-OBATAN,2,UNIT,2023
1906,32,JAWA BARAT,3272,KOTA SUKABUMI,AGRIBISNIS,0,UNIT,2023
1907,32,JAWA BARAT,3272,KOTA SUKABUMI,AKSESORIS,9,UNIT,2023
1908,32,JAWA BARAT,3272,KOTA SUKABUMI,BATIK,0,UNIT,2023
1909,32,JAWA BARAT,3272,KOTA SUKABUMI,BORDIR,0,UNIT,2023
1910,32,JAWA BARAT,3272,KOTA SUKABUMI,CRAFT,7,UNIT,2023
1911,32,JAWA BARAT,3272,KOTA SUKABUMI,DEKORASI,0,UNIT,2023
1912,32,JAWA BARAT,3272,KOTA SUKABUMI,MEBEL,24,UNIT,2023
1913,32,JAWA BARAT,3272,KOTA SUKABUMI,FASHION,87,UNIT,2023
1914,32,JAWA BARAT,3272,KOTA SUKABUMI,INDUSTRI,1,UNIT,2023
1915,32,JAWA BARAT,3272,KOTA SUKABUMI,JASA,12,UNIT,2023
1916,32,JAWA BARAT,3272,KOTA SUKABUMI,KONVEKSI,1,UNIT,2023
1917,32,JAWA BARAT,3272,KOTA SUKABUMI,KULINER,0,UNIT,2023
1918,32,JAWA BARAT,3272,KOTA SUKABUMI,MAKANAN,0,UNIT,2023
1919,32,JAWA BARAT,3272,KOTA SUKABUMI,MINUMAN,0,UNIT,2023
1920,32,JAWA BARAT,3272,KOTA SUKABUMI,OBAT-OBATAN,0,UNIT,2023
1921,32,JAWA BARAT,3273,KOTA BANDUNG,AGRIBISNIS,0,UNIT,2023
1922,32,JAWA BARAT,3273,KOTA BANDUNG,AKSESORIS,23,UNIT,2023
1923,32,JAWA BARAT,3273,KOTA BANDUNG,BATIK,0,UNIT,2023
1924,32,JAWA BARAT,3273,KOTA BANDUNG,BORDIR,0,UNIT,2023
1925,32,JAWA BARAT,3273,KOTA BANDUNG,CRAFT,3,UNIT,2023
1926,32,JAWA BARAT,3273,KOTA BANDUNG,DEKORASI,0,UNIT,2023
1927,32,JAWA BARAT,3273,KOTA BANDUNG,MEBEL,14,UNIT,2023
1928,32,JAWA BARAT,3273,KOTA BANDUNG,FASHION,87,UNIT,2023
1929,32,JAWA BARAT,3273,KOTA BANDUNG,INDUSTRI,0,UNIT,2023
1930,32,JAWA BARAT,3273,KOTA BANDUNG,JASA,13,UNIT,2023
1931,32,JAWA BARAT,3273,KOTA BANDUNG,KONVEKSI,1,UNIT,2023
1932,32,JAWA BARAT,3273,KOTA BANDUNG,KULINER,0,UNIT,2023
1933,32,JAWA BARAT,3273,KOTA BANDUNG,MAKANAN,0,UNIT,2023
1934,32,JAWA BARAT,3273,KOTA BANDUNG,MINUMAN,0,UNIT,2023
1935,32,JAWA BARAT,3273,KOTA BANDUNG,OBAT-OBATAN,0,UNIT,2023
1936,32,JAWA BARAT,3274,KOTA CIREBON,AGRIBISNIS,0,UNIT,2023
1937,32,JAWA BARAT,3274,KOTA CIREBON,AKSESORIS,20,UNIT,2023
1938,32,JAWA BARAT,3274,KOTA CIREBON,BATIK,0,UNIT,2023
1939,32,JAWA BARAT,3274,KOTA CIREBON,BORDIR,0,UNIT,2023
1940,32,JAWA BARAT,3274,KOTA CIREBON,CRAFT,1,UNIT,2023
1941,32,JAWA BARAT,3274,KOTA CIREBON,DEKORASI,0,UNIT,2023
1942,32,JAWA BARAT,3274,KOTA CIREBON,MEBEL,5,UNIT,2023
1943,32,JAWA BARAT,3274,KOTA CIREBON,FASHION,65,UNIT,2023
1944,32,JAWA BARAT,3274,KOTA CIREBON,INDUSTRI,0,UNIT,2023
1945,32,JAWA BARAT,3274,KOTA CIREBON,JASA,5,UNIT,2023
1946,32,JAWA BARAT,3274,KOTA CIREBON,KONVEKSI,0,UNIT,2023
1947,32,JAWA BARAT,3274,KOTA CIREBON,KULINER,0,UNIT,2023
1948,32,JAWA BARAT,3274,KOTA CIREBON,MAKANAN,0,UNIT,2023
1949,32,JAWA BARAT,3274,KOTA CIREBON,MINUMAN,0,UNIT,2023
1950,32,JAWA BARAT,3274,KOTA CIREBON,OBAT-OBATAN,1,UNIT,2023
1951,32,JAWA BARAT,3275,KOTA BEKASI,AGRIBISNIS,0,UNIT,2023
1952,32,JAWA BARAT,3275,KOTA BEKASI,AKSESORIS,7,UNIT,2023
1953,32,JAWA BARAT,3275,KOTA BEKASI,BATIK,0,UNIT,2023
1954,32,JAWA BARAT,3275,KOTA BEKASI,BORDIR,0,UNIT,2023
1955,32,JAWA BARAT,3275,KOTA BEKASI,CRAFT,6,UNIT,2023
1956,32,JAWA BARAT,3275,KOTA BEKASI,DEKORASI,0,UNIT,2023
1957,32,JAWA BARAT,3275,KOTA BEKASI,MEBEL,26,UNIT,2023
1958,32,JAWA BARAT,3275,KOTA BEKASI,FASHION,84,UNIT,2023
1959,32,JAWA BARAT,3275,KOTA BEKASI,INDUSTRI,0,UNIT,2023
1960,32,JAWA BARAT,3275,KOTA BEKASI,JASA,11,UNIT,2023
1961,32,JAWA BARAT,3275,KOTA BEKASI,KONVEKSI,2,UNIT,2023
1962,32,JAWA BARAT,3275,KOTA BEKASI,KULINER,0,UNIT,2023
1963,32,JAWA BARAT,3275,KOTA BEKASI,MAKANAN,0,UNIT,2023
1964,32,JAWA BARAT,3275,KOTA BEKASI,MINUMAN,0,UNIT,2023
1965,32,JAWA BARAT,3275,KOTA BEKASI,OBAT-OBATAN,0,UNIT,2023
1966,32,JAWA BARAT,3276,KOTA DEPOK,AGRIBISNIS,0,UNIT,2023
1967,32,JAWA BARAT,3276,KOTA DEPOK,AKSESORIS,8,UNIT,2023
1968,32,JAWA BARAT,3276,KOTA DEPOK,BATIK,0,UNIT,2023
1969,32,JAWA BARAT,3276,KOTA DEPOK,BORDIR,0,UNIT,2023
1970,32,JAWA BARAT,3276,KOTA DEPOK,CRAFT,4,UNIT,2023
1971,32,JAWA BARAT,3276,KOTA DEPOK,DEKORASI,0,UNIT,2023
1972,32,JAWA BARAT,3276,KOTA DEPOK,MEBEL,10,UNIT,2023
1973,32,JAWA BARAT,3276,KOTA DEPOK,FASHION,79,UNIT,2023
1974,32,JAWA BARAT,3276,KOTA DEPOK,INDUSTRI,0,UNIT,2023
1975,32,JAWA BARAT,3276,KOTA DEPOK,JASA,10,UNIT,2023
1976,32,JAWA BARAT,3276,KOTA DEPOK,KONVEKSI,1,UNIT,2023
1977,32,JAWA BARAT,3276,KOTA DEPOK,KULINER,0,UNIT,2023
1978,32,JAWA BARAT,3276,KOTA DEPOK,MAKANAN,0,UNIT,2023
1979,32,JAWA BARAT,3276,KOTA DEPOK,MINUMAN,0,UNIT,2023
1980,32,JAWA BARAT,3276,KOTA DEPOK,OBAT-OBATAN,2,UNIT,2023
1981,32,JAWA BARAT,3277,KOTA CIMAHI,AGRIBISNIS,0,UNIT,2023
1982,32,JAWA BARAT,3277,KOTA CIMAHI,AKSESORIS,10,UNIT,2023
1983,32,JAWA BARAT,3277,KOTA CIMAHI,BATIK,0,UNIT,2023
1984,32,JAWA BARAT,3277,KOTA CIMAHI,BORDIR,0,UNIT,2023
1985,32,JAWA BARAT,3277,KOTA CIMAHI,CRAFT,6,UNIT,2023
1986,32,JAWA BARAT,3277,KOTA CIMAHI,DEKORASI,0,UNIT,2023
1987,32,JAWA BARAT,3277,KOTA CIMAHI,MEBEL,0,UNIT,2023
1988,32,JAWA BARAT,3277,KOTA CIMAHI,FASHION,94,UNIT,2023
1989,32,JAWA BARAT,3277,KOTA CIMAHI,INDUSTRI,0,UNIT,2023
1990,32,JAWA BARAT,3277,KOTA CIMAHI,JASA,6,UNIT,2023
1991,32,JAWA BARAT,3277,KOTA CIMAHI,KONVEKSI,0,UNIT,2023
1992,32,JAWA BARAT,3277,KOTA CIMAHI,KULINER,0,UNIT,2023
1993,32,JAWA BARAT,3277,KOTA CIMAHI,MAKANAN,0,UNIT,2023
1994,32,JAWA BARAT,3277,KOTA CIMAHI,MINUMAN,0,UNIT,2023
1995,32,JAWA BARAT,3277,KOTA CIMAHI,OBAT-OBATAN,0,UNIT,2023
1996,32,JAWA BARAT,3278,KOTA TASIKMALAYA,AGRIBISNIS,0,UNIT,2023
1997,32,JAWA BARAT,3278,KOTA TASIKMALAYA,AKSESORIS,9,UNIT,2023
1998,32,JAWA BARAT,3278,KOTA TASIKMALAYA,BATIK,0,UNIT,2023
1999,32,JAWA BARAT,3278,KOTA TASIKMALAYA,BORDIR,0,UNIT,2023
2000,32,JAWA BARAT,3278,KOTA TASIKMALAYA,CRAFT,2,UNIT,2023
2001,32,JAWA BARAT,3278,KOTA TASIKMALAYA,DEKORASI,0,UNIT,2023
2002,32,JAWA BARAT,3278,KOTA TASIKMALAYA,MEBEL,1,UNIT,2023
2003,32,JAWA BARAT,3278,KOTA TASIKMALAYA,FASHION,103,UNIT,2023
2004,32,JAWA BARAT,3278,KOTA TASIKMALAYA,INDUSTRI,0,UNIT,2023
2005,32,JAWA BARAT,3278,KOTA TASIKMALAYA,JASA,8,UNIT,2023
2006,32,JAWA BARAT,3278,KOTA TASIKMALAYA,KONVEKSI,0,UNIT,2023
2007,32,JAWA BARAT,3278,KOTA TASIKMALAYA,KULINER,0,UNIT,2023
2008,32,JAWA BARAT,3278,KOTA TASIKMALAYA,MAKANAN,0,UNIT,2023
2009,32,JAWA BARAT,3278,KOTA TASIKMALAYA,MINUMAN,0,UNIT,2023
2010,32,JAWA BARAT,3278,KOTA TASIKMALAYA,OBAT-OBATAN,2,UNIT,2023
2011,32,JAWA BARAT,3279,KOTA BANJAR,AGRIBISNIS,0,UNIT,2023
2012,32,JAWA BARAT,3279,KOTA BANJAR,AKSESORIS,24,UNIT,2023
2013,32,JAWA BARAT,3279,KOTA BANJAR,BATIK,0,UNIT,2023
2014,32,JAWA BARAT,3279,KOTA BANJAR,BORDIR,0,UNIT,2023
2015,32,JAWA BARAT,3279,KOTA BANJAR,CRAFT,6,UNIT,2023
2016,32,JAWA BARAT,3279,KOTA BANJAR,DEKORASI,0,UNIT,2023
2017,32,JAWA BARAT,3279,KOTA BANJAR,MEBEL,0,UNIT,2023
2018,32,JAWA BARAT,3279,KOTA BANJAR,FASHION,75,UNIT,2023
2019,32,JAWA BARAT,3279,KOTA BANJAR,INDUSTRI,0,UNIT,2023
2020,32,JAWA BARAT,3279,KOTA BANJAR,JASA,19,UNIT,2023
2021,32,JAWA BARAT,3279,KOTA BANJAR,KONVEKSI,0,UNIT,2023
2022,32,JAWA BARAT,3279,KOTA BANJAR,KULINER,0,UNIT,2023
2023,32,JAWA BARAT,3279,KOTA BANJAR,MAKANAN,0,UNIT,2023
2024,32,JAWA BARAT,3279,KOTA BANJAR,MINUMAN,0,UNIT,2023
2025,32,JAWA BARAT,3279,KOTA BANJAR,OBAT-OBATAN,0,UNIT,2023
